Variant,CPU,MPI_Wrapper,Backend_CC,Opt,N,Ranks,BindMode,CoreSetName,PinList,Align,Restrict,Runs_Requested,Runs_Valid,Runs_Failed,Rows_Min,Rows_Max,Root_OwnedRows,Est_RootMem_GB,Est_NonRootMem_GB,Time_Min_s,Time_Mean_s,Time_Max_s,Time_Range_s,Comm_Time_s,Comp_Max_s,Comp_Min_s,Imbalance_Ratio,GFLOPS_Min,GFLOPS_Mean,GFLOPS_Reported,MD5,Status,Compile_Flags,MPIRUN_Cmd,Baseline_Time_Mean_1Rank_s,Speedup_Mean,Efficiency_Mean,Efficiency_Mean_Pct
base,12th Gen Intel(R) Core(TM) i9-12900K,/opt/intel/oneapi/mpi/2021.10.0//bin/mpiicc,icc,O3,4096,1,core,P_ONLY_PHYSICAL,0+2+4+6+8+10+12+14,1,1,3,3,0,4096,4096,4096,0.625,0.375,22.278657,22.8665,23.463687,1.18503,0.029073,22.827886,22.827886,1.000000,6.169,6.010,6.013003,edac3cd7199b04cd32b33032b5fbddcd,REF,-std=c11 -O3 -qopenmp-simd -xHost -DN=4096 -DTIME -DVERIFY -DALIGN -DRESTRICT -funroll-loops,mpirun -genv I_MPI_PIN=1 -genv I_MPI_DEBUG=4 -genv I_MPI_PIN_PROCESSOR_LIST=0,2,4,6,8,10,12,14 -np 1 --bind-to core /tmp/mpi_base_Iu4YgT/app,22.8665,1.000000,1.000000,100.00
base,12th Gen Intel(R) Core(TM) i9-12900K,/opt/intel/oneapi/mpi/2021.10.0//bin/mpiicc,icc,O3,4096,2,core,P_ONLY_PHYSICAL,0+2+4+6+8+10+12+14,1,1,3,3,0,2048,2048,2048,0.500,0.250,12.503847,12.8914,13.095904,0.592057,0.636520,12.452091,11.867328,1.049275,10.992,10.661,10.991733,b2431924437d31e1bfff9d4c0da38bbf,REF,-std=c11 -O3 -qopenmp-simd -xHost -DN=4096 -DTIME -DVERIFY -DALIGN -DRESTRICT -funroll-loops,mpirun -genv I_MPI_PIN=1 -genv I_MPI_DEBUG=4 -genv I_MPI_PIN_PROCESSOR_LIST=0,2,4,6,8,10,12,14 -np 2 --bind-to core /tmp/mpi_base_3QxreE/app,22.8665,1.773779,0.886889,88.69
base,12th Gen Intel(R) Core(TM) i9-12900K,/opt/intel/oneapi/mpi/2021.10.0//bin/mpiicc,icc,O3,4096,4,core,P_ONLY_PHYSICAL,0+2+4+6+8+10+12+14,1,1,3,3,0,1024,1024,1024,0.438,0.188,10.778660,10.787,10.792565,0.013905,0.191748,10.745173,10.523173,1.021096,12.751,12.741,12.737882,b5089fd367e1c2e67b50bd73f21164f2,REF,-std=c11 -O3 -qopenmp-simd -xHost -DN=4096 -DTIME -DVERIFY -DALIGN -DRESTRICT -funroll-loops,mpirun -genv I_MPI_PIN=1 -genv I_MPI_DEBUG=4 -genv I_MPI_PIN_PROCESSOR_LIST=0,2,4,6,8,10,12,14 -np 4 --bind-to core /tmp/mpi_base_jcEtQD/app,22.8665,2.119820,0.529955,53.00
base,12th Gen Intel(R) Core(TM) i9-12900K,/opt/intel/oneapi/mpi/2021.10.0//bin/mpiicc,icc,O3,4096,8,core,P_ONLY_PHYSICAL,0+2+4+6+8+10+12+14,1,1,3,3,0,512,512,512,0.406,0.156,8.727157,8.74423,8.762282,0.035125,0.616264,8.683133,8.146016,1.065936,15.748,15.718,15.685292,68419762e75664ad8e4a936b8dde3e0d,REF,-std=c11 -O3 -qopenmp-simd -xHost -DN=4096 -DTIME -DVERIFY -DALIGN -DRESTRICT -funroll-loops,mpirun -genv I_MPI_PIN=1 -genv I_MPI_DEBUG=4 -genv I_MPI_PIN_PROCESSOR_LIST=0,2,4,6,8,10,12,14 -np 8 --bind-to core /tmp/mpi_base_Am6KDO/app,22.8665,2.615039,0.326880,32.69
base,12th Gen Intel(R) Core(TM) i9-12900K,/opt/intel/oneapi/mpi/2021.10.0//bin/mpiicc,icc,O3,4096,1,core,P_ONLY_HT,0-15,1,1,3,3,0,4096,4096,4096,0.625,0.375,22.291635,22.7219,23.021164,0.729529,0.029084,22.823933,22.823933,1.000000,6.165,6.049,6.014040,edac3cd7199b04cd32b33032b5fbddcd,REF,-std=c11 -O3 -qopenmp-simd -xHost -DN=4096 -DTIME -DVERIFY -DALIGN -DRESTRICT -funroll-loops,mpirun -genv I_MPI_PIN=1 -genv I_MPI_DEBUG=4 -genv I_MPI_PIN_PROCESSOR_LIST=0-15 -np 1 --bind-to core /tmp/mpi_base_R5juGC/app,22.7219,1.000000,1.000000,100.00
base,12th Gen Intel(R) Core(TM) i9-12900K,/opt/intel/oneapi/mpi/2021.10.0//bin/mpiicc,icc,O3,4096,2,core,P_ONLY_HT,0-15,1,1,3,3,0,2048,2048,2048,0.500,0.250,13.264982,13.3241,13.406595,0.141613,0.201110,13.247887,13.099727,1.011310,10.361,10.315,10.333106,b2431924437d31e1bfff9d4c0da38bbf,REF,-std=c11 -O3 -qopenmp-simd -xHost -DN=4096 -DTIME -DVERIFY -DALIGN -DRESTRICT -funroll-loops,mpirun -genv I_MPI_PIN=1 -genv I_MPI_DEBUG=4 -genv I_MPI_PIN_PROCESSOR_LIST=0-15 -np 2 --bind-to core /tmp/mpi_base_KDfDuN/app,22.7219,1.705323,0.852661,85.27
base,12th Gen Intel(R) Core(TM) i9-12900K,/opt/intel/oneapi/mpi/2021.10.0//bin/mpiicc,icc,O3,4096,4,core,P_ONLY_HT,0-15,1,1,3,3,0,1024,1024,1024,0.438,0.188,10.288581,10.7012,10.909837,0.621256,0.178875,10.865282,10.670457,1.018258,13.358,12.843,12.597709,b5089fd367e1c2e67b50bd73f21164f2,REF,-std=c11 -O3 -qopenmp-simd -xHost -DN=4096 -DTIME -DVERIFY -DALIGN -DRESTRICT -funroll-loops,mpirun -genv I_MPI_PIN=1 -genv I_MPI_DEBUG=4 -genv I_MPI_PIN_PROCESSOR_LIST=0-15 -np 4 --bind-to core /tmp/mpi_base_QR1ooh/app,22.7219,2.123304,0.530826,53.08
base,12th Gen Intel(R) Core(TM) i9-12900K,/opt/intel/oneapi/mpi/2021.10.0//bin/mpiicc,icc,O3,4096,8,core,P_ONLY_HT,0-15,1,1,3,3,0,512,512,512,0.406,0.156,8.772629,8.8212,8.906555,0.133926,0.468301,8.828461,8.438255,1.046243,15.667,15.581,15.431213,68419762e75664ad8e4a936b8dde3e0d,REF,-std=c11 -O3 -qopenmp-simd -xHost -DN=4096 -DTIME -DVERIFY -DALIGN -DRESTRICT -funroll-loops,mpirun -genv I_MPI_PIN=1 -genv I_MPI_DEBUG=4 -genv I_MPI_PIN_PROCESSOR_LIST=0-15 -np 8 --bind-to core /tmp/mpi_base_m90cP0/app,22.7219,2.575829,0.321979,32.20
base,12th Gen Intel(R) Core(TM) i9-12900K,/opt/intel/oneapi/mpi/2021.10.0//bin/mpiicc,icc,O3,4096,16,core,P_ONLY_HT,0-15,1,1,3,3,0,256,256,256,0.391,0.141,9.276163,9.31217,9.357261,0.081098,2.430531,9.240910,6.926729,1.334094,14.816,14.759,14.687948,b657efc9e01e25e4057a783c3337c90f,REF,-std=c11 -O3 -qopenmp-simd -xHost -DN=4096 -DTIME -DVERIFY -DALIGN -DRESTRICT -funroll-loops,mpirun -genv I_MPI_PIN=1 -genv I_MPI_DEBUG=4 -genv I_MPI_PIN_PROCESSOR_LIST=0-15 -np 16 --bind-to core /tmp/mpi_base_jr3eKs/app,22.7219,2.440022,0.152501,15.25
base,12th Gen Intel(R) Core(TM) i9-12900K,/opt/intel/oneapi/mpi/2021.10.0//bin/mpiicc,icc,O3,4096,1,core,E_ONLY,16-23,1,1,3,3,0,4096,4096,4096,0.625,0.375,22.954763,23.0513,23.111876,0.157113,0.029339,23.057964,23.057964,1.000000,5.987,5.962,5.953010,edac3cd7199b04cd32b33032b5fbddcd,REF,-std=c11 -O3 -qopenmp-simd -xHost -DN=4096 -DTIME -DVERIFY -DALIGN -DRESTRICT -funroll-loops,mpirun -genv I_MPI_PIN=1 -genv I_MPI_DEBUG=4 -genv I_MPI_PIN_PROCESSOR_LIST=16-23 -np 1 --bind-to core /tmp/mpi_base_hJmr6Y/app,23.0513,1.000000,1.000000,100.00
base,12th Gen Intel(R) Core(TM) i9-12900K,/opt/intel/oneapi/mpi/2021.10.0//bin/mpiicc,icc,O3,4096,2,core,E_ONLY,16-23,1,1,3,3,0,2048,2048,2048,0.500,0.250,12.722455,12.8868,13.045612,0.323157,0.093067,12.992947,12.952537,1.003120,10.803,10.665,10.535263,b2431924437d31e1bfff9d4c0da38bbf,REF,-std=c11 -O3 -qopenmp-simd -xHost -DN=4096 -DTIME -DVERIFY -DALIGN -DRESTRICT -funroll-loops,mpirun -genv I_MPI_PIN=1 -genv I_MPI_DEBUG=4 -genv I_MPI_PIN_PROCESSOR_LIST=16-23 -np 2 --bind-to core /tmp/mpi_base_hPExQH/app,23.0513,1.788753,0.894377,89.44
base,12th Gen Intel(R) Core(TM) i9-12900K,/opt/intel/oneapi/mpi/2021.10.0//bin/mpiicc,icc,O3,4096,4,core,E_ONLY,16-23,1,1,3,3,0,1024,1024,1024,0.438,0.188,10.839724,10.8446,10.851554,0.01183,0.202970,10.793614,10.639383,1.014496,12.679,12.673,12.676072,b5089fd367e1c2e67b50bd73f21164f2,REF,-std=c11 -O3 -qopenmp-simd -xHost -DN=4096 -DTIME -DVERIFY -DALIGN -DRESTRICT -funroll-loops,mpirun -genv I_MPI_PIN=1 -genv I_MPI_DEBUG=4 -genv I_MPI_PIN_PROCESSOR_LIST=16-23 -np 4 --bind-to core /tmp/mpi_base_p7FxmT/app,23.0513,2.125602,0.531401,53.14
base,12th Gen Intel(R) Core(TM) i9-12900K,/opt/intel/oneapi/mpi/2021.10.0//bin/mpiicc,icc,O3,4096,8,core,E_ONLY,16-23,1,1,3,3,0,512,512,512,0.406,0.156,8.734119,8.85137,9.068290,0.334171,0.641354,8.657864,8.092733,1.069832,15.736,15.527,15.735869,68419762e75664ad8e4a936b8dde3e0d,REF,-std=c11 -O3 -qopenmp-simd -xHost -DN=4096 -DTIME -DVERIFY -DALIGN -DRESTRICT -funroll-loops,mpirun -genv I_MPI_PIN=1 -genv I_MPI_DEBUG=4 -genv I_MPI_PIN_PROCESSOR_LIST=16-23 -np 8 --bind-to core /tmp/mpi_base_SOuVlp/app,23.0513,2.604264,0.325533,32.55
base,12th Gen Intel(R) Core(TM) i9-12900K,/opt/intel/oneapi/mpi/2021.10.0//bin/mpiicc,icc,O3,4096,1,core,P_PLUS_E_PHYSICAL,0+2+4+6+8+10+12+14+16-23,1,1,3,3,0,4096,4096,4096,0.625,0.375,20.907109,21.5451,22.796769,1.88966,0.028373,20.878736,20.878736,1.000000,6.574,6.379,6.573790,edac3cd7199b04cd32b33032b5fbddcd,REF,-std=c11 -O3 -qopenmp-simd -xHost -DN=4096 -DTIME -DVERIFY -DALIGN -DRESTRICT -funroll-loops,mpirun -genv I_MPI_PIN=1 -genv I_MPI_DEBUG=4 -genv I_MPI_PIN_PROCESSOR_LIST=0,2,4,6,8,10,12,14,16-23 -np 1 --bind-to core /tmp/mpi_base_fEyZ2t/app,21.5451,1.000000,1.000000,100.00
base,12th Gen Intel(R) Core(TM) i9-12900K,/opt/intel/oneapi/mpi/2021.10.0//bin/mpiicc,icc,O3,4096,2,core,P_PLUS_E_PHYSICAL,0+2+4+6+8+10+12+14+16-23,1,1,3,3,0,2048,2048,2048,0.500,0.250,12.562145,12.9875,13.225705,0.66356,0.251930,13.122048,12.922863,1.015413,10.941,10.582,10.431962,b2431924437d31e1bfff9d4c0da38bbf,REF,-std=c11 -O3 -qopenmp-simd -xHost -DN=4096 -DTIME -DVERIFY -DALIGN -DRESTRICT -funroll-loops,mpirun -genv I_MPI_PIN=1 -genv I_MPI_DEBUG=4 -genv I_MPI_PIN_PROCESSOR_LIST=0,2,4,6,8,10,12,14,16-23 -np 2 --bind-to core /tmp/mpi_base_VFtVv1/app,21.5451,1.658910,0.829455,82.95
base,12th Gen Intel(R) Core(TM) i9-12900K,/opt/intel/oneapi/mpi/2021.10.0//bin/mpiicc,icc,O3,4096,4,core,P_PLUS_E_PHYSICAL,0+2+4+6+8+10+12+14+16-23,1,1,3,3,0,1024,1024,1024,0.438,0.188,10.849805,10.8663,10.876323,0.026518,0.200721,10.826537,10.604605,1.020928,12.667,12.648,12.640701,b5089fd367e1c2e67b50bd73f21164f2,REF,-std=c11 -O3 -qopenmp-simd -xHost -DN=4096 -DTIME -DVERIFY -DALIGN -DRESTRICT -funroll-loops,mpirun -genv I_MPI_PIN=1 -genv I_MPI_DEBUG=4 -genv I_MPI_PIN_PROCESSOR_LIST=0,2,4,6,8,10,12,14,16-23 -np 4 --bind-to core /tmp/mpi_base_C1KV90/app,21.5451,1.982745,0.495686,49.57
base,12th Gen Intel(R) Core(TM) i9-12900K,/opt/intel/oneapi/mpi/2021.10.0//bin/mpiicc,icc,O3,4096,8,core,P_PLUS_E_PHYSICAL,0+2+4+6+8+10+12+14+16-23,1,1,3,3,0,512,512,512,0.406,0.156,8.751060,8.81007,8.851532,0.100472,0.626192,8.752549,8.163377,1.072173,15.705,15.600,15.569171,68419762e75664ad8e4a936b8dde3e0d,REF,-std=c11 -O3 -qopenmp-simd -xHost -DN=4096 -DTIME -DVERIFY -DALIGN -DRESTRICT -funroll-loops,mpirun -genv I_MPI_PIN=1 -genv I_MPI_DEBUG=4 -genv I_MPI_PIN_PROCESSOR_LIST=0,2,4,6,8,10,12,14,16-23 -np 8 --bind-to core /tmp/mpi_base_BcPuat/app,21.5451,2.445508,0.305688,30.57
base,12th Gen Intel(R) Core(TM) i9-12900K,/opt/intel/oneapi/mpi/2021.10.0//bin/mpiicc,icc,O3,4096,16,core,P_PLUS_E_PHYSICAL,0+2+4+6+8+10+12+14+16-23,1,1,3,3,0,256,256,256,0.391,0.141,9.051865,9.2272,9.381800,0.329935,2.117528,9.131658,6.679800,1.367056,15.183,14.895,14.861663,b657efc9e01e25e4057a783c3337c90f,REF,-std=c11 -O3 -qopenmp-simd -xHost -DN=4096 -DTIME -DVERIFY -DALIGN -DRESTRICT -funroll-loops,mpirun -genv I_MPI_PIN=1 -genv I_MPI_DEBUG=4 -genv I_MPI_PIN_PROCESSOR_LIST=0,2,4,6,8,10,12,14,16-23 -np 16 --bind-to core /tmp/mpi_base_SWuqBc/app,21.5451,2.334955,0.145935,14.59
base,12th Gen Intel(R) Core(TM) i9-12900K,/opt/intel/oneapi/mpi/2021.10.0//bin/mpiicc,icc,O3,4096,1,core,ALL_LOGICAL,0-23,1,1,3,3,0,4096,4096,4096,0.625,0.375,20.932141,21.8696,23.387235,2.45509,0.029420,23.357815,23.357815,1.000000,6.566,6.284,5.876665,edac3cd7199b04cd32b33032b5fbddcd,REF,-std=c11 -O3 -qopenmp-simd -xHost -DN=4096 -DTIME -DVERIFY -DALIGN -DRESTRICT -funroll-loops,mpirun -genv I_MPI_PIN=1 -genv I_MPI_DEBUG=4 -genv I_MPI_PIN_PROCESSOR_LIST=0-23 -np 1 --bind-to core /tmp/mpi_base_5SpOPp/app,21.8696,1.000000,1.000000,100.00
base,12th Gen Intel(R) Core(TM) i9-12900K,/opt/intel/oneapi/mpi/2021.10.0//bin/mpiicc,icc,O3,4096,2,core,ALL_LOGICAL,0-23,1,1,3,3,0,2048,2048,2048,0.500,0.250,12.898284,13.1167,13.292308,0.394024,0.114520,12.845702,12.783711,1.004849,10.656,10.478,10.655600,b2431924437d31e1bfff9d4c0da38bbf,REF,-std=c11 -O3 -qopenmp-simd -xHost -DN=4096 -DTIME -DVERIFY -DALIGN -DRESTRICT -funroll-loops,mpirun -genv I_MPI_PIN=1 -genv I_MPI_DEBUG=4 -genv I_MPI_PIN_PROCESSOR_LIST=0-23 -np 2 --bind-to core /tmp/mpi_base_7ZR3qr/app,21.8696,1.667310,0.833655,83.37
base,12th Gen Intel(R) Core(TM) i9-12900K,/opt/intel/oneapi/mpi/2021.10.0//bin/mpiicc,icc,O3,4096,4,core,ALL_LOGICAL,0-23,1,1,3,3,0,1024,1024,1024,0.438,0.188,10.787942,10.81,10.840560,0.052618,0.264848,10.742188,10.523074,1.020822,12.740,12.714,12.740053,b5089fd367e1c2e67b50bd73f21164f2,REF,-std=c11 -O3 -qopenmp-simd -xHost -DN=4096 -DTIME -DVERIFY -DALIGN -DRESTRICT -funroll-loops,mpirun -genv I_MPI_PIN=1 -genv I_MPI_DEBUG=4 -genv I_MPI_PIN_PROCESSOR_LIST=0-23 -np 4 --bind-to core /tmp/mpi_base_HWCOAT/app,21.8696,2.023090,0.505772,50.58
base,12th Gen Intel(R) Core(TM) i9-12900K,/opt/intel/oneapi/mpi/2021.10.0//bin/mpiicc,icc,O3,4096,8,core,ALL_LOGICAL,0-23,1,1,3,3,0,512,512,512,0.406,0.156,8.714538,8.7326,8.763694,0.049156,0.607068,8.640549,8.106014,1.065943,15.771,15.739,15.762013,68419762e75664ad8e4a936b8dde3e0d,REF,-std=c11 -O3 -qopenmp-simd -xHost -DN=4096 -DTIME -DVERIFY -DALIGN -DRESTRICT -funroll-loops,mpirun -genv I_MPI_PIN=1 -genv I_MPI_DEBUG=4 -genv I_MPI_PIN_PROCESSOR_LIST=0-23 -np 8 --bind-to core /tmp/mpi_base_H4GoUG/app,21.8696,2.504363,0.313045,31.30
base,12th Gen Intel(R) Core(TM) i9-12900K,/opt/intel/oneapi/mpi/2021.10.0//bin/mpiicc,icc,O3,4096,16,core,ALL_LOGICAL,0-23,1,1,3,3,0,256,256,256,0.391,0.141,9.107870,9.5095,10.001941,0.894071,2.700660,9.304642,6.668553,1.395302,15.090,14.453,14.592075,b657efc9e01e25e4057a783c3337c90f,REF,-std=c11 -O3 -qopenmp-simd -xHost -DN=4096 -DTIME -DVERIFY -DALIGN -DRESTRICT -funroll-loops,mpirun -genv I_MPI_PIN=1 -genv I_MPI_DEBUG=4 -genv I_MPI_PIN_PROCESSOR_LIST=0-23 -np 16 --bind-to core /tmp/mpi_base_tERcYH/app,21.8696,2.299763,0.143735,14.37
base,12th Gen Intel(R) Core(TM) i9-12900K,/opt/intel/oneapi/mpi/2021.10.0//bin/mpiicc,icc,O3,4096,24,core,ALL_LOGICAL,0-23,1,1,3,3,0,170,171,171,0.385,0.135,8.916315,9.51447,10.619531,1.70322,0.758334,8.750232,8.123021,1.077214,15.414,14.445,15.414322,552f24eb98d194e741e6b988b88914c2,REF,-std=c11 -O3 -qopenmp-simd -xHost -DN=4096 -DTIME -DVERIFY -DALIGN -DRESTRICT -funroll-loops,mpirun -genv I_MPI_PIN=1 -genv I_MPI_DEBUG=4 -genv I_MPI_PIN_PROCESSOR_LIST=0-23 -np 24 --bind-to core /tmp/mpi_base_iqn5Q7/app,21.8696,2.298562,0.095773,9.58
base,12th Gen Intel(R) Core(TM) i9-12900K,/opt/intel/oneapi/mpi/2021.10.0//bin/mpiicc,icc,O3,5000,1,core,P_ONLY_PHYSICAL,0+2+4+6+8+10+12+14,1,1,3,3,0,5000,5000,5000,0.931,0.559,46.678963,46.7377,46.789977,0.111014,0.043026,46.746951,46.746951,1.000000,5.356,5.349,5.343025,9327fba4f5c54483afbcb2dc4f0c7894,REF,-std=c11 -O3 -qopenmp-simd -xHost -DN=5000 -DTIME -DVERIFY -DALIGN -DRESTRICT -funroll-loops,mpirun -genv I_MPI_PIN=1 -genv I_MPI_DEBUG=4 -genv I_MPI_PIN_PROCESSOR_LIST=0,2,4,6,8,10,12,14 -np 1 --bind-to core /tmp/mpi_base_7wMkmM/app,46.7377,1.000000,1.000000,100.00
base,12th Gen Intel(R) Core(TM) i9-12900K,/opt/intel/oneapi/mpi/2021.10.0//bin/mpiicc,icc,O3,5000,2,core,P_ONLY_PHYSICAL,0+2+4+6+8+10+12+14,1,1,3,3,0,2500,2500,2500,0.745,0.373,25.960933,26.0759,26.199064,0.238131,0.403839,26.125351,25.795143,1.012801,9.630,9.587,9.542326,ca9347e4ff6d8f572821a3e4f677b103,REF,-std=c11 -O3 -qopenmp-simd -xHost -DN=5000 -DTIME -DVERIFY -DALIGN -DRESTRICT -funroll-loops,mpirun -genv I_MPI_PIN=1 -genv I_MPI_DEBUG=4 -genv I_MPI_PIN_PROCESSOR_LIST=0,2,4,6,8,10,12,14 -np 2 --bind-to core /tmp/mpi_base_2fI14R/app,46.7377,1.792372,0.896186,89.62
base,12th Gen Intel(R) Core(TM) i9-12900K,/opt/intel/oneapi/mpi/2021.10.0//bin/mpiicc,icc,O3,5000,4,core,P_ONLY_PHYSICAL,0+2+4+6+8+10+12+14,1,1,3,3,0,1250,1250,1250,0.652,0.279,18.861823,19.2887,20.088069,1.22625,0.979901,18.797061,17.881881,1.051179,13.254,12.961,13.254286,5487542f8262c9e125b85b2943b81d0d,REF,-std=c11 -O3 -qopenmp-simd -xHost -DN=5000 -DTIME -DVERIFY -DALIGN -DRESTRICT -funroll-loops,mpirun -genv I_MPI_PIN=1 -genv I_MPI_DEBUG=4 -genv I_MPI_PIN_PROCESSOR_LIST=0,2,4,6,8,10,12,14 -np 4 --bind-to core /tmp/mpi_base_nFT6tx/app,46.7377,2.423061,0.605765,60.58
base,12th Gen Intel(R) Core(TM) i9-12900K,/opt/intel/oneapi/mpi/2021.10.0//bin/mpiicc,icc,O3,5000,8,core,P_ONLY_PHYSICAL,0+2+4+6+8+10+12+14,1,1,3,3,0,625,625,625,0.605,0.233,15.985007,15.9902,15.998506,0.013499,1.404005,15.888013,14.507964,1.095124,15.640,15.635,15.626459,50cb60b6b26854f831ec01ec095cccff,REF,-std=c11 -O3 -qopenmp-simd -xHost -DN=5000 -DTIME -DVERIFY -DALIGN -DRESTRICT -funroll-loops,mpirun -genv I_MPI_PIN=1 -genv I_MPI_DEBUG=4 -genv I_MPI_PIN_PROCESSOR_LIST=0,2,4,6,8,10,12,14 -np 8 --bind-to core /tmp/mpi_base_pigU7l/app,46.7377,2.922897,0.365362,36.54
base,12th Gen Intel(R) Core(TM) i9-12900K,/opt/intel/oneapi/mpi/2021.10.0//bin/mpiicc,icc,O3,5000,1,core,P_ONLY_HT,0-15,1,1,3,3,0,5000,5000,5000,0.931,0.559,46.917933,47.2283,47.654223,0.73629,0.043345,47.069931,47.069931,1.000000,5.328,5.293,5.306360,9327fba4f5c54483afbcb2dc4f0c7894,REF,-std=c11 -O3 -qopenmp-simd -xHost -DN=5000 -DTIME -DVERIFY -DALIGN -DRESTRICT -funroll-loops,mpirun -genv I_MPI_PIN=1 -genv I_MPI_DEBUG=4 -genv I_MPI_PIN_PROCESSOR_LIST=0-15 -np 1 --bind-to core /tmp/mpi_base_TJoIrA/app,47.2283,1.000000,1.000000,100.00
base,12th Gen Intel(R) Core(TM) i9-12900K,/opt/intel/oneapi/mpi/2021.10.0//bin/mpiicc,icc,O3,5000,2,core,P_ONLY_HT,0-15,1,1,3,3,0,2500,2500,2500,0.745,0.373,24.984737,25.483,26.076263,1.09153,0.815425,25.310148,24.572528,1.030018,10.006,9.810,9.847176,ca9347e4ff6d8f572821a3e4f677b103,REF,-std=c11 -O3 -qopenmp-simd -xHost -DN=5000 -DTIME -DVERIFY -DALIGN -DRESTRICT -funroll-loops,mpirun -genv I_MPI_PIN=1 -genv I_MPI_DEBUG=4 -genv I_MPI_PIN_PROCESSOR_LIST=0-15 -np 2 --bind-to core /tmp/mpi_base_ucW5GV/app,47.2283,1.853326,0.926663,92.67
base,12th Gen Intel(R) Core(TM) i9-12900K,/opt/intel/oneapi/mpi/2021.10.0//bin/mpiicc,icc,O3,5000,4,core,P_ONLY_HT,0-15,1,1,3,3,0,1250,1250,1250,0.652,0.279,18.950511,19.4059,20.070579,1.12007,1.186290,18.884785,17.764221,1.063080,13.192,12.883,13.192256,5487542f8262c9e125b85b2943b81d0d,REF,-std=c11 -O3 -qopenmp-simd -xHost -DN=5000 -DTIME -DVERIFY -DALIGN -DRESTRICT -funroll-loops,mpirun -genv I_MPI_PIN=1 -genv I_MPI_DEBUG=4 -genv I_MPI_PIN_PROCESSOR_LIST=0-15 -np 4 --bind-to core /tmp/mpi_base_IQfrQY/app,47.2283,2.433708,0.608427,60.84
base,12th Gen Intel(R) Core(TM) i9-12900K,/opt/intel/oneapi/mpi/2021.10.0//bin/mpiicc,icc,O3,5000,8,core,P_ONLY_HT,0-15,1,1,3,3,0,625,625,625,0.605,0.233,15.998567,16.1797,16.447674,0.449107,1.231222,15.877250,14.767344,1.075159,15.626,15.451,15.626400,50cb60b6b26854f831ec01ec095cccff,REF,-std=c11 -O3 -qopenmp-simd -xHost -DN=5000 -DTIME -DVERIFY -DALIGN -DRESTRICT -funroll-loops,mpirun -genv I_MPI_PIN=1 -genv I_MPI_DEBUG=4 -genv I_MPI_PIN_PROCESSOR_LIST=0-15 -np 8 --bind-to core /tmp/mpi_base_6FiFSf/app,47.2283,2.918985,0.364873,36.49
base,12th Gen Intel(R) Core(TM) i9-12900K,/opt/intel/oneapi/mpi/2021.10.0//bin/mpiicc,icc,O3,5000,16,core,P_ONLY_HT,0-15,1,1,3,3,0,312,313,313,0.582,0.210,16.894114,17.6367,18.842239,1.94813,4.620693,17.003534,12.552952,1.354545,14.798,14.175,14.557132,87be47e66d4247b9cd058021ea13bc28,REF,-std=c11 -O3 -qopenmp-simd -xHost -DN=5000 -DTIME -DVERIFY -DALIGN -DRESTRICT -funroll-loops,mpirun -genv I_MPI_PIN=1 -genv I_MPI_DEBUG=4 -genv I_MPI_PIN_PROCESSOR_LIST=0-15 -np 16 --bind-to core /tmp/mpi_base_RzW9wp/app,47.2283,2.677842,0.167365,16.74
base,12th Gen Intel(R) Core(TM) i9-12900K,/opt/intel/oneapi/mpi/2021.10.0//bin/mpiicc,icc,O3,5000,1,core,E_ONLY,16-23,1,1,3,3,0,5000,5000,5000,0.931,0.559,43.567057,45.4257,47.666034,4.09898,0.042683,45.001330,45.001330,1.000000,5.738,5.503,5.550127,9327fba4f5c54483afbcb2dc4f0c7894,REF,-std=c11 -O3 -qopenmp-simd -xHost -DN=5000 -DTIME -DVERIFY -DALIGN -DRESTRICT -funroll-loops,mpirun -genv I_MPI_PIN=1 -genv I_MPI_DEBUG=4 -genv I_MPI_PIN_PROCESSOR_LIST=16-23 -np 1 --bind-to core /tmp/mpi_base_isw76I/app,45.4257,1.000000,1.000000,100.00
base,12th Gen Intel(R) Core(TM) i9-12900K,/opt/intel/oneapi/mpi/2021.10.0//bin/mpiicc,icc,O3,5000,2,core,E_ONLY,16-23,1,1,3,3,0,2500,2500,2500,0.745,0.373,25.610079,25.8229,26.235904,0.625825,0.246726,26.157927,25.989178,1.006493,9.762,9.681,9.528926,ca9347e4ff6d8f572821a3e4f677b103,REF,-std=c11 -O3 -qopenmp-simd -xHost -DN=5000 -DTIME -DVERIFY -DALIGN -DRESTRICT -funroll-loops,mpirun -genv I_MPI_PIN=1 -genv I_MPI_DEBUG=4 -genv I_MPI_PIN_PROCESSOR_LIST=16-23 -np 2 --bind-to core /tmp/mpi_base_jSQI4i/app,45.4257,1.759125,0.879563,87.96
base,12th Gen Intel(R) Core(TM) i9-12900K,/opt/intel/oneapi/mpi/2021.10.0//bin/mpiicc,icc,O3,5000,4,core,E_ONLY,16-23,1,1,3,3,0,1250,1250,1250,0.652,0.279,19.232952,19.8959,20.245043,1.01209,0.467785,20.143303,19.605244,1.027445,12.999,12.565,12.370385,5487542f8262c9e125b85b2943b81d0d,REF,-std=c11 -O3 -qopenmp-simd -xHost -DN=5000 -DTIME -DVERIFY -DALIGN -DRESTRICT -funroll-loops,mpirun -genv I_MPI_PIN=1 -genv I_MPI_DEBUG=4 -genv I_MPI_PIN_PROCESSOR_LIST=16-23 -np 4 --bind-to core /tmp/mpi_base_1JDGVO/app,45.4257,2.283169,0.570792,57.08
base,12th Gen Intel(R) Core(TM) i9-12900K,/opt/intel/oneapi/mpi/2021.10.0//bin/mpiicc,icc,O3,5000,8,core,E_ONLY,16-23,1,1,3,3,0,625,625,625,0.605,0.233,16.333206,16.3873,16.435417,0.102211,0.814553,16.320948,15.620836,1.044819,15.306,15.256,15.211054,50cb60b6b26854f831ec01ec095cccff,REF,-std=c11 -O3 -qopenmp-simd -xHost -DN=5000 -DTIME -DVERIFY -DALIGN -DRESTRICT -funroll-loops,mpirun -genv I_MPI_PIN=1 -genv I_MPI_DEBUG=4 -genv I_MPI_PIN_PROCESSOR_LIST=16-23 -np 8 --bind-to core /tmp/mpi_base_P4rp9i/app,45.4257,2.772006,0.346501,34.65
base,12th Gen Intel(R) Core(TM) i9-12900K,/opt/intel/oneapi/mpi/2021.10.0//bin/mpiicc,icc,O3,5000,1,core,P_PLUS_E_PHYSICAL,0+2+4+6+8+10+12+14+16-23,1,1,3,3,0,5000,5000,5000,0.931,0.559,42.473114,44.2273,47.518994,5.04588,0.043262,47.475732,47.475732,1.000000,5.886,5.653,5.261054,9327fba4f5c54483afbcb2dc4f0c7894,REF,-std=c11 -O3 -qopenmp-simd -xHost -DN=5000 -DTIME -DVERIFY -DALIGN -DRESTRICT -funroll-loops,mpirun -genv I_MPI_PIN=1 -genv I_MPI_DEBUG=4 -genv I_MPI_PIN_PROCESSOR_LIST=0,2,4,6,8,10,12,14,16-23 -np 1 --bind-to core /tmp/mpi_base_OnLjYN/app,44.2273,1.000000,1.000000,100.00
base,12th Gen Intel(R) Core(TM) i9-12900K,/opt/intel/oneapi/mpi/2021.10.0//bin/mpiicc,icc,O3,5000,2,core,P_PLUS_E_PHYSICAL,0+2+4+6+8+10+12+14+16-23,1,1,3,3,0,2500,2500,2500,0.745,0.373,26.048592,26.1575,26.214547,0.165955,0.230955,26.131334,25.978304,1.005891,9.597,9.557,9.538591,ca9347e4ff6d8f572821a3e4f677b103,REF,-std=c11 -O3 -qopenmp-simd -xHost -DN=5000 -DTIME -DVERIFY -DALIGN -DRESTRICT -funroll-loops,mpirun -genv I_MPI_PIN=1 -genv I_MPI_DEBUG=4 -genv I_MPI_PIN_PROCESSOR_LIST=0,2,4,6,8,10,12,14,16-23 -np 2 --bind-to core /tmp/mpi_base_DBPWK3/app,44.2273,1.690808,0.845404,84.54
base,12th Gen Intel(R) Core(TM) i9-12900K,/opt/intel/oneapi/mpi/2021.10.0//bin/mpiicc,icc,O3,5000,4,core,P_PLUS_E_PHYSICAL,0+2+4+6+8+10+12+14+16-23,1,1,3,3,0,1250,1250,1250,0.652,0.279,20.175835,20.2172,20.284277,0.108442,0.633144,20.218354,19.651069,1.028868,12.391,12.366,12.324817,5487542f8262c9e125b85b2943b81d0d,REF,-std=c11 -O3 -qopenmp-simd -xHost -DN=5000 -DTIME -DVERIFY -DALIGN -DRESTRICT -funroll-loops,mpirun -genv I_MPI_PIN=1 -genv I_MPI_DEBUG=4 -genv I_MPI_PIN_PROCESSOR_LIST=0,2,4,6,8,10,12,14,16-23 -np 4 --bind-to core /tmp/mpi_base_C5UaCt/app,44.2273,2.187608,0.546902,54.69
base,12th Gen Intel(R) Core(TM) i9-12900K,/opt/intel/oneapi/mpi/2021.10.0//bin/mpiicc,icc,O3,5000,8,core,P_PLUS_E_PHYSICAL,0+2+4+6+8+10+12+14+16-23,1,1,3,3,0,625,625,625,0.605,0.233,16.250055,16.2954,16.339592,0.089537,0.615490,16.136058,15.336926,1.052105,15.385,15.342,15.384563,50cb60b6b26854f831ec01ec095cccff,REF,-std=c11 -O3 -qopenmp-simd -xHost -DN=5000 -DTIME -DVERIFY -DALIGN -DRESTRICT -funroll-loops,mpirun -genv I_MPI_PIN=1 -genv I_MPI_DEBUG=4 -genv I_MPI_PIN_PROCESSOR_LIST=0,2,4,6,8,10,12,14,16-23 -np 8 --bind-to core /tmp/mpi_base_AereuK/app,44.2273,2.714097,0.339262,33.93
base,12th Gen Intel(R) Core(TM) i9-12900K,/opt/intel/oneapi/mpi/2021.10.0//bin/mpiicc,icc,O3,5000,16,core,P_PLUS_E_PHYSICAL,0+2+4+6+8+10+12+14+16-23,1,1,3,3,0,312,313,313,0.582,0.210,16.581770,16.6568,16.706187,0.124417,3.404206,16.411583,12.304450,1.333792,15.077,15.009,15.076798,87be47e66d4247b9cd058021ea13bc28,REF,-std=c11 -O3 -qopenmp-simd -xHost -DN=5000 -DTIME -DVERIFY -DALIGN -DRESTRICT -funroll-loops,mpirun -genv I_MPI_PIN=1 -genv I_MPI_DEBUG=4 -genv I_MPI_PIN_PROCESSOR_LIST=0,2,4,6,8,10,12,14,16-23 -np 16 --bind-to core /tmp/mpi_base_2g6Dyp/app,44.2273,2.655210,0.165951,16.60
base,12th Gen Intel(R) Core(TM) i9-12900K,/opt/intel/oneapi/mpi/2021.10.0//bin/mpiicc,icc,O3,5000,1,core,ALL_LOGICAL,0-23,1,1,3,3,0,5000,5000,5000,0.931,0.559,42.789032,45.012,47.114216,4.32518,0.043002,45.089587,45.089587,1.000000,5.843,5.554,5.539235,9327fba4f5c54483afbcb2dc4f0c7894,REF,-std=c11 -O3 -qopenmp-simd -xHost -DN=5000 -DTIME -DVERIFY -DALIGN -DRESTRICT -funroll-loops,mpirun -genv I_MPI_PIN=1 -genv I_MPI_DEBUG=4 -genv I_MPI_PIN_PROCESSOR_LIST=0-23 -np 1 --bind-to core /tmp/mpi_base_5RBuhF/app,45.012,1.000000,1.000000,100.00
base,12th Gen Intel(R) Core(TM) i9-12900K,/opt/intel/oneapi/mpi/2021.10.0//bin/mpiicc,icc,O3,5000,2,core,ALL_LOGICAL,0-23,1,1,3,3,0,2500,2500,2500,0.745,0.373,25.661196,25.8391,26.075508,0.414312,1.238401,26.002242,24.836993,1.046916,9.742,9.675,9.587541,ca9347e4ff6d8f572821a3e4f677b103,REF,-std=c11 -O3 -qopenmp-simd -xHost -DN=5000 -DTIME -DVERIFY -DALIGN -DRESTRICT -funroll-loops,mpirun -genv I_MPI_PIN=1 -genv I_MPI_DEBUG=4 -genv I_MPI_PIN_PROCESSOR_LIST=0-23 -np 2 --bind-to core /tmp/mpi_base_2bmBnq/app,45.012,1.742011,0.871005,87.10
base,12th Gen Intel(R) Core(TM) i9-12900K,/opt/intel/oneapi/mpi/2021.10.0//bin/mpiicc,icc,O3,5000,4,core,ALL_LOGICAL,0-23,1,1,3,3,0,1250,1250,1250,0.652,0.279,19.448581,20.2386,20.648650,1.20007,0.457673,20.551084,20.160827,1.019357,12.854,12.353,12.124999,5487542f8262c9e125b85b2943b81d0d,REF,-std=c11 -O3 -qopenmp-simd -xHost -DN=5000 -DTIME -DVERIFY -DALIGN -DRESTRICT -funroll-loops,mpirun -genv I_MPI_PIN=1 -genv I_MPI_DEBUG=4 -genv I_MPI_PIN_PROCESSOR_LIST=0-23 -np 4 --bind-to core /tmp/mpi_base_wvqite/app,45.012,2.224067,0.556017,55.60
base,12th Gen Intel(R) Core(TM) i9-12900K,/opt/intel/oneapi/mpi/2021.10.0//bin/mpiicc,icc,O3,5000,8,core,ALL_LOGICAL,0-23,1,1,3,3,0,625,625,625,0.605,0.233,16.425305,16.5357,16.625483,0.200178,1.252262,16.312986,15.172858,1.075143,15.220,15.119,15.220418,50cb60b6b26854f831ec01ec095cccff,REF,-std=c11 -O3 -qopenmp-simd -xHost -DN=5000 -DTIME -DVERIFY -DALIGN -DRESTRICT -funroll-loops,mpirun -genv I_MPI_PIN=1 -genv I_MPI_DEBUG=4 -genv I_MPI_PIN_PROCESSOR_LIST=0-23 -np 8 --bind-to core /tmp/mpi_base_2u7Z34/app,45.012,2.722110,0.340264,34.03
base,12th Gen Intel(R) Core(TM) i9-12900K,/opt/intel/oneapi/mpi/2021.10.0//bin/mpiicc,icc,O3,5000,16,core,ALL_LOGICAL,0-23,1,1,3,3,0,312,313,313,0.582,0.210,16.766520,16.8722,16.989211,0.222691,3.313069,16.691073,12.651523,1.319294,14.911,14.817,14.827160,87be47e66d4247b9cd058021ea13bc28,REF,-std=c11 -O3 -qopenmp-simd -xHost -DN=5000 -DTIME -DVERIFY -DALIGN -DRESTRICT -funroll-loops,mpirun -genv I_MPI_PIN=1 -genv I_MPI_DEBUG=4 -genv I_MPI_PIN_PROCESSOR_LIST=0-23 -np 16 --bind-to core /tmp/mpi_base_Y1hzUw/app,45.012,2.667820,0.166739,16.67
base,12th Gen Intel(R) Core(TM) i9-12900K,/opt/intel/oneapi/mpi/2021.10.0//bin/mpiicc,icc,O3,5000,24,core,ALL_LOGICAL,0-23,1,1,3,3,0,208,209,209,0.574,0.202,17.018204,17.685,18.052192,1.03399,2.154180,16.235897,14.833802,1.094520,14.690,14.136,14.690152,cfb6472bc7feb3b93b16561429875769,REF,-std=c11 -O3 -qopenmp-simd -xHost -DN=5000 -DTIME -DVERIFY -DALIGN -DRESTRICT -funroll-loops,mpirun -genv I_MPI_PIN=1 -genv I_MPI_DEBUG=4 -genv I_MPI_PIN_PROCESSOR_LIST=0-23 -np 24 --bind-to core /tmp/mpi_base_1GcqcN/app,45.012,2.545208,0.106050,10.61
base,12th Gen Intel(R) Core(TM) i9-12900K,/opt/intel/oneapi/mpi/2021.10.0//bin/mpiicc,icc,O3,6144,1,core,P_ONLY_PHYSICAL,0+2+4+6+8+10+12+14,1,1,3,3,0,6144,6144,6144,1.406,0.844,81.189608,85.5627,90.517132,9.32752,0.065080,90.452052,90.452052,1.000000,5.713,5.421,5.124516,f000da4225f235ac3d2d59cdfc3d6617,REF,-std=c11 -O3 -qopenmp-simd -xHost -DN=6144 -DTIME -DVERIFY -DALIGN -DRESTRICT -funroll-loops,mpirun -genv I_MPI_PIN=1 -genv I_MPI_DEBUG=4 -genv I_MPI_PIN_PROCESSOR_LIST=0,2,4,6,8,10,12,14 -np 1 --bind-to core /tmp/mpi_base_anEmK9/app,85.5627,1.000000,1.000000,100.00
base,12th Gen Intel(R) Core(TM) i9-12900K,/opt/intel/oneapi/mpi/2021.10.0//bin/mpiicc,icc,O3,6144,2,core,P_ONLY_PHYSICAL,0+2+4+6+8+10+12+14,1,1,3,3,0,3072,3072,3072,1.125,0.562,47.563041,48.1543,49.078993,1.51595,1.952930,47.454355,45.610092,1.040435,9.752,9.633,9.752456,5df1e2aa9b6c90da5550d0db0deddd4d,REF,-std=c11 -O3 -qopenmp-simd -xHost -DN=6144 -DTIME -DVERIFY -DALIGN -DRESTRICT -funroll-loops,mpirun -genv I_MPI_PIN=1 -genv I_MPI_DEBUG=4 -genv I_MPI_PIN_PROCESSOR_LIST=0,2,4,6,8,10,12,14 -np 2 --bind-to core /tmp/mpi_base_jzo93V/app,85.5627,1.776844,0.888422,88.84
base,12th Gen Intel(R) Core(TM) i9-12900K,/opt/intel/oneapi/mpi/2021.10.0//bin/mpiicc,icc,O3,6144,4,core,P_ONLY_PHYSICAL,0+2+4+6+8+10+12+14,1,1,3,3,0,1536,1536,1536,0.984,0.422,35.418774,36.1387,37.566806,2.14803,2.003046,35.326209,33.427219,1.056810,13.096,12.835,13.092070,3b5c0c8e4f7e604c5d720e23372d4f73,REF,-std=c11 -O3 -qopenmp-simd -xHost -DN=6144 -DTIME -DVERIFY -DALIGN -DRESTRICT -funroll-loops,mpirun -genv I_MPI_PIN=1 -genv I_MPI_DEBUG=4 -genv I_MPI_PIN_PROCESSOR_LIST=0,2,4,6,8,10,12,14 -np 4 --bind-to core /tmp/mpi_base_XaztoW/app,85.5627,2.367620,0.591905,59.19
base,12th Gen Intel(R) Core(TM) i9-12900K,/opt/intel/oneapi/mpi/2021.10.0//bin/mpiicc,icc,O3,6144,8,core,P_ONLY_PHYSICAL,0+2+4+6+8+10+12+14,1,1,3,3,0,768,768,768,0.914,0.352,29.800100,30.1937,30.475118,0.675018,1.004988,30.310135,29.422318,1.030175,15.566,15.363,15.220826,eda1d4132ad4834443208669b828be3e,REF,-std=c11 -O3 -qopenmp-simd -xHost -DN=6144 -DTIME -DVERIFY -DALIGN -DRESTRICT -funroll-loops,mpirun -genv I_MPI_PIN=1 -genv I_MPI_DEBUG=4 -genv I_MPI_PIN_PROCESSOR_LIST=0,2,4,6,8,10,12,14 -np 8 --bind-to core /tmp/mpi_base_AuT5Eq/app,85.5627,2.833793,0.354224,35.42
base,12th Gen Intel(R) Core(TM) i9-12900K,/opt/intel/oneapi/mpi/2021.10.0//bin/mpiicc,icc,O3,6144,1,core,P_ONLY_HT,0-15,1,1,3,3,0,6144,6144,6144,1.406,0.844,81.912405,85.6037,87.487062,5.57466,0.064039,87.423023,87.423023,1.000000,5.663,5.419,5.302001,f000da4225f235ac3d2d59cdfc3d6617,REF,-std=c11 -O3 -qopenmp-simd -xHost -DN=6144 -DTIME -DVERIFY -DALIGN -DRESTRICT -funroll-loops,mpirun -genv I_MPI_PIN=1 -genv I_MPI_DEBUG=4 -genv I_MPI_PIN_PROCESSOR_LIST=0-15 -np 1 --bind-to core /tmp/mpi_base_ypdLFv/app,85.6037,1.000000,1.000000,100.00
base,12th Gen Intel(R) Core(TM) i9-12900K,/opt/intel/oneapi/mpi/2021.10.0//bin/mpiicc,icc,O3,6144,2,core,P_ONLY_HT,0-15,1,1,3,3,0,3072,3072,3072,1.125,0.562,47.560783,48.217,48.800334,1.23955,0.438462,48.683868,48.361747,1.006661,9.753,9.620,9.505191,5df1e2aa9b6c90da5550d0db0deddd4d,REF,-std=c11 -O3 -qopenmp-simd -xHost -DN=6144 -DTIME -DVERIFY -DALIGN -DRESTRICT -funroll-loops,mpirun -genv I_MPI_PIN=1 -genv I_MPI_DEBUG=4 -genv I_MPI_PIN_PROCESSOR_LIST=0-15 -np 2 --bind-to core /tmp/mpi_base_SvXBza/app,85.6037,1.775384,0.887692,88.77
base,12th Gen Intel(R) Core(TM) i9-12900K,/opt/intel/oneapi/mpi/2021.10.0//bin/mpiicc,icc,O3,6144,4,core,P_ONLY_HT,0-15,1,1,3,3,0,1536,1536,1536,0.984,0.422,35.437234,35.714,36.195849,0.758615,2.030472,35.338775,33.406762,1.057833,13.090,12.988,13.089522,3b5c0c8e4f7e604c5d720e23372d4f73,REF,-std=c11 -O3 -qopenmp-simd -xHost -DN=6144 -DTIME -DVERIFY -DALIGN -DRESTRICT -funroll-loops,mpirun -genv I_MPI_PIN=1 -genv I_MPI_DEBUG=4 -genv I_MPI_PIN_PROCESSOR_LIST=0-15 -np 4 --bind-to core /tmp/mpi_base_wm2Th8/app,85.6037,2.396923,0.599231,59.92
base,12th Gen Intel(R) Core(TM) i9-12900K,/opt/intel/oneapi/mpi/2021.10.0//bin/mpiicc,icc,O3,6144,8,core,P_ONLY_HT,0-15,1,1,3,3,0,768,768,768,0.914,0.352,29.927438,30.1351,30.445890,0.518452,2.875485,29.756028,27.051808,1.099964,15.499,15.393,15.499371,eda1d4132ad4834443208669b828be3e,REF,-std=c11 -O3 -qopenmp-simd -xHost -DN=6144 -DTIME -DVERIFY -DALIGN -DRESTRICT -funroll-loops,mpirun -genv I_MPI_PIN=1 -genv I_MPI_DEBUG=4 -genv I_MPI_PIN_PROCESSOR_LIST=0-15 -np 8 --bind-to core /tmp/mpi_base_Py49Rm/app,85.6037,2.840664,0.355083,35.51
base,12th Gen Intel(R) Core(TM) i9-12900K,/opt/intel/oneapi/mpi/2021.10.0//bin/mpiicc,icc,O3,6144,16,core,P_ONLY_HT,0-15,1,1,3,3,0,384,384,384,0.879,0.316,31.019640,31.3911,31.671683,0.652043,6.281661,30.760670,23.487157,1.309680,14.954,14.777,14.953638,88bbff5200e25ace0a60da22702fee13,REF,-std=c11 -O3 -qopenmp-simd -xHost -DN=6144 -DTIME -DVERIFY -DALIGN -DRESTRICT -funroll-loops,mpirun -genv I_MPI_PIN=1 -genv I_MPI_DEBUG=4 -genv I_MPI_PIN_PROCESSOR_LIST=0-15 -np 16 --bind-to core /tmp/mpi_base_SIvllJ/app,85.6037,2.727005,0.170438,17.04
base,12th Gen Intel(R) Core(TM) i9-12900K,/opt/intel/oneapi/mpi/2021.10.0//bin/mpiicc,icc,O3,6144,1,core,E_ONLY,16-23,1,1,3,3,0,6144,6144,6144,1.406,0.844,85.228627,88.03,89.717933,4.48931,0.064786,89.078563,89.078563,1.000000,5.442,5.269,5.203489,f000da4225f235ac3d2d59cdfc3d6617,REF,-std=c11 -O3 -qopenmp-simd -xHost -DN=6144 -DTIME -DVERIFY -DALIGN -DRESTRICT -funroll-loops,mpirun -genv I_MPI_PIN=1 -genv I_MPI_DEBUG=4 -genv I_MPI_PIN_PROCESSOR_LIST=16-23 -np 1 --bind-to core /tmp/mpi_base_SiJ7zm/app,88.03,1.000000,1.000000,100.00
base,12th Gen Intel(R) Core(TM) i9-12900K,/opt/intel/oneapi/mpi/2021.10.0//bin/mpiicc,icc,O3,6144,2,core,E_ONLY,16-23,1,1,3,3,0,3072,3072,3072,1.125,0.562,48.311051,48.6527,48.839685,0.528634,0.424396,48.696653,48.382364,1.006496,9.601,9.534,9.503923,5df1e2aa9b6c90da5550d0db0deddd4d,REF,-std=c11 -O3 -qopenmp-simd -xHost -DN=6144 -DTIME -DVERIFY -DALIGN -DRESTRICT -funroll-loops,mpirun -genv I_MPI_PIN=1 -genv I_MPI_DEBUG=4 -genv I_MPI_PIN_PROCESSOR_LIST=16-23 -np 2 --bind-to core /tmp/mpi_base_T4hsnG/app,88.03,1.809355,0.904678,90.47
base,12th Gen Intel(R) Core(TM) i9-12900K,/opt/intel/oneapi/mpi/2021.10.0//bin/mpiicc,icc,O3,6144,4,core,E_ONLY,16-23,1,1,3,3,0,1536,1536,1536,0.984,0.422,35.538756,35.617,35.700360,0.161604,1.547422,35.512945,33.784299,1.051167,13.052,13.023,13.025177,3b5c0c8e4f7e604c5d720e23372d4f73,REF,-std=c11 -O3 -qopenmp-simd -xHost -DN=6144 -DTIME -DVERIFY -DALIGN -DRESTRICT -funroll-loops,mpirun -genv I_MPI_PIN=1 -genv I_MPI_DEBUG=4 -genv I_MPI_PIN_PROCESSOR_LIST=16-23 -np 4 --bind-to core /tmp/mpi_base_G83hth/app,88.03,2.471573,0.617893,61.79
base,12th Gen Intel(R) Core(TM) i9-12900K,/opt/intel/oneapi/mpi/2021.10.0//bin/mpiicc,icc,O3,6144,8,core,E_ONLY,16-23,1,1,3,3,0,768,768,768,0.914,0.352,29.941984,30.0904,30.332661,0.390677,1.048353,30.164788,29.248087,1.031342,15.492,15.415,15.292311,eda1d4132ad4834443208669b828be3e,REF,-std=c11 -O3 -qopenmp-simd -xHost -DN=6144 -DTIME -DVERIFY -DALIGN -DRESTRICT -funroll-loops,mpirun -genv I_MPI_PIN=1 -genv I_MPI_DEBUG=4 -genv I_MPI_PIN_PROCESSOR_LIST=16-23 -np 8 --bind-to core /tmp/mpi_base_VTidKH/app,88.03,2.925518,0.365690,36.57
base,12th Gen Intel(R) Core(TM) i9-12900K,/opt/intel/oneapi/mpi/2021.10.0//bin/mpiicc,icc,O3,6144,1,core,P_PLUS_E_PHYSICAL,0+2+4+6+8+10+12+14+16-23,1,1,3,3,0,6144,6144,6144,1.406,0.844,81.164903,87.0613,90.785620,9.62072,0.065183,90.720438,90.720438,1.000000,5.715,5.328,5.109361,f000da4225f235ac3d2d59cdfc3d6617,REF,-std=c11 -O3 -qopenmp-simd -xHost -DN=6144 -DTIME -DVERIFY -DALIGN -DRESTRICT -funroll-loops,mpirun -genv I_MPI_PIN=1 -genv I_MPI_DEBUG=4 -genv I_MPI_PIN_PROCESSOR_LIST=0,2,4,6,8,10,12,14,16-23 -np 1 --bind-to core /tmp/mpi_base_gOTgbW/app,87.0613,1.000000,1.000000,100.00
base,12th Gen Intel(R) Core(TM) i9-12900K,/opt/intel/oneapi/mpi/2021.10.0//bin/mpiicc,icc,O3,6144,2,core,P_PLUS_E_PHYSICAL,0+2+4+6+8+10+12+14+16-23,1,1,3,3,0,3072,3072,3072,1.125,0.562,46.826452,48.0477,48.905747,2.07929,0.441656,48.787700,48.464091,1.006677,9.906,9.654,9.484703,5df1e2aa9b6c90da5550d0db0deddd4d,REF,-std=c11 -O3 -qopenmp-simd -xHost -DN=6144 -DTIME -DVERIFY -DALIGN -DRESTRICT -funroll-loops,mpirun -genv I_MPI_PIN=1 -genv I_MPI_DEBUG=4 -genv I_MPI_PIN_PROCESSOR_LIST=0,2,4,6,8,10,12,14,16-23 -np 2 --bind-to core /tmp/mpi_base_LrVr8N/app,87.0613,1.811976,0.905988,90.60
base,12th Gen Intel(R) Core(TM) i9-12900K,/opt/intel/oneapi/mpi/2021.10.0//bin/mpiicc,icc,O3,6144,4,core,P_PLUS_E_PHYSICAL,0+2+4+6+8+10+12+14+16-23,1,1,3,3,0,1536,1536,1536,0.984,0.422,35.444793,37.038,37.966193,2.5214,1.035768,37.864980,36.930426,1.025306,13.087,12.524,12.217619,3b5c0c8e4f7e604c5d720e23372d4f73,REF,-std=c11 -O3 -qopenmp-simd -xHost -DN=6144 -DTIME -DVERIFY -DALIGN -DRESTRICT -funroll-loops,mpirun -genv I_MPI_PIN=1 -genv I_MPI_DEBUG=4 -genv I_MPI_PIN_PROCESSOR_LIST=0,2,4,6,8,10,12,14,16-23 -np 4 --bind-to core /tmp/mpi_base_UR4Tdy/app,87.0613,2.350594,0.587649,58.76
base,12th Gen Intel(R) Core(TM) i9-12900K,/opt/intel/oneapi/mpi/2021.10.0//bin/mpiicc,icc,O3,6144,8,core,P_PLUS_E_PHYSICAL,0+2+4+6+8+10+12+14+16-23,1,1,3,3,0,768,768,768,0.914,0.352,30.010501,30.0692,30.133766,0.123265,2.604294,29.841796,27.375110,1.090107,15.456,15.426,15.456472,eda1d4132ad4834443208669b828be3e,REF,-std=c11 -O3 -qopenmp-simd -xHost -DN=6144 -DTIME -DVERIFY -DALIGN -DRESTRICT -funroll-loops,mpirun -genv I_MPI_PIN=1 -genv I_MPI_DEBUG=4 -genv I_MPI_PIN_PROCESSOR_LIST=0,2,4,6,8,10,12,14,16-23 -np 8 --bind-to core /tmp/mpi_base_Ogh35Y/app,87.0613,2.895365,0.361921,36.19
base,12th Gen Intel(R) Core(TM) i9-12900K,/opt/intel/oneapi/mpi/2021.10.0//bin/mpiicc,icc,O3,6144,16,core,P_PLUS_E_PHYSICAL,0+2+4+6+8+10+12+14+16-23,1,1,3,3,0,384,384,384,0.879,0.316,30.126711,30.5487,30.924242,0.797531,6.399491,30.343927,23.064465,1.315614,15.397,15.184,15.161129,88bbff5200e25ace0a60da22702fee13,REF,-std=c11 -O3 -qopenmp-simd -xHost -DN=6144 -DTIME -DVERIFY -DALIGN -DRESTRICT -funroll-loops,mpirun -genv I_MPI_PIN=1 -genv I_MPI_DEBUG=4 -genv I_MPI_PIN_PROCESSOR_LIST=0,2,4,6,8,10,12,14,16-23 -np 16 --bind-to core /tmp/mpi_base_IlQXI3/app,87.0613,2.849918,0.178120,17.81
base,12th Gen Intel(R) Core(TM) i9-12900K,/opt/intel/oneapi/mpi/2021.10.0//bin/mpiicc,icc,O3,6144,1,core,ALL_LOGICAL,0-23,1,1,3,3,0,6144,6144,6144,1.406,0.844,85.740297,87.3887,88.831212,3.09091,0.064157,87.529920,87.529920,1.000000,5.410,5.308,5.295523,f000da4225f235ac3d2d59cdfc3d6617,REF,-std=c11 -O3 -qopenmp-simd -xHost -DN=6144 -DTIME -DVERIFY -DALIGN -DRESTRICT -funroll-loops,mpirun -genv I_MPI_PIN=1 -genv I_MPI_DEBUG=4 -genv I_MPI_PIN_PROCESSOR_LIST=0-23 -np 1 --bind-to core /tmp/mpi_base_eiVii5/app,87.3887,1.000000,1.000000,100.00
base,12th Gen Intel(R) Core(TM) i9-12900K,/opt/intel/oneapi/mpi/2021.10.0//bin/mpiicc,icc,O3,6144,2,core,ALL_LOGICAL,0-23,1,1,3,3,0,3072,3072,3072,1.125,0.562,47.459081,47.9913,48.980992,1.52191,3.380311,47.422929,44.153076,1.074057,9.774,9.665,9.758531,5df1e2aa9b6c90da5550d0db0deddd4d,REF,-std=c11 -O3 -qopenmp-simd -xHost -DN=6144 -DTIME -DVERIFY -DALIGN -DRESTRICT -funroll-loops,mpirun -genv I_MPI_PIN=1 -genv I_MPI_DEBUG=4 -genv I_MPI_PIN_PROCESSOR_LIST=0-23 -np 2 --bind-to core /tmp/mpi_base_qHBSbL/app,87.3887,1.820928,0.910464,91.05
base,12th Gen Intel(R) Core(TM) i9-12900K,/opt/intel/oneapi/mpi/2021.10.0//bin/mpiicc,icc,O3,6144,4,core,ALL_LOGICAL,0-23,1,1,3,3,0,1536,1536,1536,0.984,0.422,36.464369,37.2413,37.923176,1.45881,0.679621,37.816130,37.243440,1.015377,12.721,12.455,12.231477,3b5c0c8e4f7e604c5d720e23372d4f73,REF,-std=c11 -O3 -qopenmp-simd -xHost -DN=6144 -DTIME -DVERIFY -DALIGN -DRESTRICT -funroll-loops,mpirun -genv I_MPI_PIN=1 -genv I_MPI_DEBUG=4 -genv I_MPI_PIN_PROCESSOR_LIST=0-23 -np 4 --bind-to core /tmp/mpi_base_VOjDlS/app,87.3887,2.346553,0.586638,58.66
base,12th Gen Intel(R) Core(TM) i9-12900K,/opt/intel/oneapi/mpi/2021.10.0//bin/mpiicc,icc,O3,6144,8,core,ALL_LOGICAL,0-23,1,1,3,3,0,768,768,768,0.914,0.352,30.013916,30.149,30.312647,0.298731,1.791076,30.144083,28.521510,1.056889,15.455,15.385,15.302407,eda1d4132ad4834443208669b828be3e,REF,-std=c11 -O3 -qopenmp-simd -xHost -DN=6144 -DTIME -DVERIFY -DALIGN -DRESTRICT -funroll-loops,mpirun -genv I_MPI_PIN=1 -genv I_MPI_DEBUG=4 -genv I_MPI_PIN_PROCESSOR_LIST=0-23 -np 8 --bind-to core /tmp/mpi_base_EyOW00/app,87.3887,2.898560,0.362320,36.23
base,12th Gen Intel(R) Core(TM) i9-12900K,/opt/intel/oneapi/mpi/2021.10.0//bin/mpiicc,icc,O3,6144,16,core,ALL_LOGICAL,0-23,1,1,3,3,0,384,384,384,0.879,0.316,30.112345,30.6674,31.602474,1.49013,6.544406,29.854041,23.026785,1.296492,15.404,15.125,15.404196,88bbff5200e25ace0a60da22702fee13,REF,-std=c11 -O3 -qopenmp-simd -xHost -DN=6144 -DTIME -DVERIFY -DALIGN -DRESTRICT -funroll-loops,mpirun -genv I_MPI_PIN=1 -genv I_MPI_DEBUG=4 -genv I_MPI_PIN_PROCESSOR_LIST=0-23 -np 16 --bind-to core /tmp/mpi_base_vO5Kej/app,87.3887,2.849563,0.178098,17.81
base,12th Gen Intel(R) Core(TM) i9-12900K,/opt/intel/oneapi/mpi/2021.10.0//bin/mpiicc,icc,O3,6144,24,core,ALL_LOGICAL,0-23,1,1,3,3,0,256,256,256,0.867,0.305,29.986700,30.5638,31.688974,1.70227,4.129629,29.608794,27.520914,1.075865,15.469,15.177,14.637788,729b3ff654c4daa87fb3a5cb76806be8,REF,-std=c11 -O3 -qopenmp-simd -xHost -DN=6144 -DTIME -DVERIFY -DALIGN -DRESTRICT -funroll-loops,mpirun -genv I_MPI_PIN=1 -genv I_MPI_DEBUG=4 -genv I_MPI_PIN_PROCESSOR_LIST=0-23 -np 24 --bind-to core /tmp/mpi_base_vEJ9or/app,87.3887,2.859222,0.119134,11.91
base,12th Gen Intel(R) Core(TM) i9-12900K,/opt/intel/oneapi/mpi/2021.10.0//bin/mpiicc,icc,O3,8192,1,core,P_ONLY_PHYSICAL,0+2+4+6+8+10+12+14,1,1,3,3,0,8192,8192,8192,2.500,1.500,202.620372,206.184,209.344120,6.72375,0.113067,209.231052,209.231052,1.000000,5.426,5.333,5.252173,f3888a527ba840ee7c536a956ad15a64,REF,-std=c11 -O3 -qopenmp-simd -xHost -DN=8192 -DTIME -DVERIFY -DALIGN -DRESTRICT -funroll-loops,mpirun -genv I_MPI_PIN=1 -genv I_MPI_DEBUG=4 -genv I_MPI_PIN_PROCESSOR_LIST=0,2,4,6,8,10,12,14 -np 1 --bind-to core /tmp/mpi_base_XVAHph/app,206.184,1.000000,1.000000,100.00
base,12th Gen Intel(R) Core(TM) i9-12900K,/opt/intel/oneapi/mpi/2021.10.0//bin/mpiicc,icc,O3,8192,2,core,P_ONLY_PHYSICAL,0+2+4+6+8+10+12+14,1,1,3,3,0,4096,4096,4096,2.000,1.000,112.786696,114.713,116.118844,3.33215,0.325463,115.037215,114.908615,1.001119,9.749,9.585,9.541535,3e4a928838c5cf44c7f95ce031ac416e,REF,-std=c11 -O3 -qopenmp-simd -xHost -DN=8192 -DTIME -DVERIFY -DALIGN -DRESTRICT -funroll-loops,mpirun -genv I_MPI_PIN=1 -genv I_MPI_DEBUG=4 -genv I_MPI_PIN_PROCESSOR_LIST=0,2,4,6,8,10,12,14 -np 2 --bind-to core /tmp/mpi_base_2RubGG/app,206.184,1.797390,0.898695,89.87
base,12th Gen Intel(R) Core(TM) i9-12900K,/opt/intel/oneapi/mpi/2021.10.0//bin/mpiicc,icc,O3,8192,4,core,P_ONLY_PHYSICAL,0+2+4+6+8+10+12+14,1,1,3,3,0,2048,2048,2048,1.750,0.750,89.423624,90.068,90.441850,1.01823,1.870138,90.164078,88.468372,1.019167,12.296,12.208,12.170976,7f79fa5ce42f31f8f1fd1356944c8fc7,REF,-std=c11 -O3 -qopenmp-simd -xHost -DN=8192 -DTIME -DVERIFY -DALIGN -DRESTRICT -funroll-loops,mpirun -genv I_MPI_PIN=1 -genv I_MPI_DEBUG=4 -genv I_MPI_PIN_PROCESSOR_LIST=0,2,4,6,8,10,12,14 -np 4 --bind-to core /tmp/mpi_base_WxZ1bG/app,206.184,2.289204,0.572301,57.23
base,12th Gen Intel(R) Core(TM) i9-12900K,/opt/intel/oneapi/mpi/2021.10.0//bin/mpiicc,icc,O3,8192,8,core,P_ONLY_PHYSICAL,0+2+4+6+8+10+12+14,1,1,3,3,0,1024,1024,1024,1.625,0.625,71.195400,71.6407,71.898267,0.702867,3.551500,70.883672,67.643791,1.047896,15.444,15.348,15.443577,eb5971182384099c2b4d08c5e3c8a0a2,REF,-std=c11 -O3 -qopenmp-simd -xHost -DN=8192 -DTIME -DVERIFY -DALIGN -DRESTRICT -funroll-loops,mpirun -genv I_MPI_PIN=1 -genv I_MPI_DEBUG=4 -genv I_MPI_PIN_PROCESSOR_LIST=0,2,4,6,8,10,12,14 -np 8 --bind-to core /tmp/mpi_base_G8q9HI/app,206.184,2.878029,0.359754,35.98
base,12th Gen Intel(R) Core(TM) i9-12900K,/opt/intel/oneapi/mpi/2021.10.0//bin/mpiicc,icc,O3,8192,1,core,P_ONLY_HT,0-15,1,1,3,3,0,8192,8192,8192,2.500,1.500,191.226982,207.322,215.745115,24.5181,0.114960,214.878003,214.878003,1.000000,5.750,5.303,5.114175,f3888a527ba840ee7c536a956ad15a64,REF,-std=c11 -O3 -qopenmp-simd -xHost -DN=8192 -DTIME -DVERIFY -DALIGN -DRESTRICT -funroll-loops,mpirun -genv I_MPI_PIN=1 -genv I_MPI_DEBUG=4 -genv I_MPI_PIN_PROCESSOR_LIST=0-15 -np 1 --bind-to core /tmp/mpi_base_2XYEud/app,207.322,1.000000,1.000000,100.00
base,12th Gen Intel(R) Core(TM) i9-12900K,/opt/intel/oneapi/mpi/2021.10.0//bin/mpiicc,icc,O3,8192,2,core,P_ONLY_HT,0-15,1,1,3,3,0,4096,4096,4096,2.000,1.000,106.089160,112.652,116.046864,9.9577,0.997279,115.612238,114.823148,1.006872,10.364,9.760,9.493244,3e4a928838c5cf44c7f95ce031ac416e,REF,-std=c11 -O3 -qopenmp-simd -xHost -DN=8192 -DTIME -DVERIFY -DALIGN -DRESTRICT -funroll-loops,mpirun -genv I_MPI_PIN=1 -genv I_MPI_DEBUG=4 -genv I_MPI_PIN_PROCESSOR_LIST=0-15 -np 2 --bind-to core /tmp/mpi_base_jECj55/app,207.322,1.840376,0.920188,92.02
base,12th Gen Intel(R) Core(TM) i9-12900K,/opt/intel/oneapi/mpi/2021.10.0//bin/mpiicc,icc,O3,8192,4,core,P_ONLY_HT,0-15,1,1,3,3,0,2048,2048,2048,1.750,0.750,84.639903,86.4213,89.907747,5.26784,1.202134,89.738867,88.083888,1.018789,12.990,12.723,12.229331,7f79fa5ce42f31f8f1fd1356944c8fc7,REF,-std=c11 -O3 -qopenmp-simd -xHost -DN=8192 -DTIME -DVERIFY -DALIGN -DRESTRICT -funroll-loops,mpirun -genv I_MPI_PIN=1 -genv I_MPI_DEBUG=4 -genv I_MPI_PIN_PROCESSOR_LIST=0-15 -np 4 --bind-to core /tmp/mpi_base_ExLK2c/app,207.322,2.398969,0.599742,59.97
base,12th Gen Intel(R) Core(TM) i9-12900K,/opt/intel/oneapi/mpi/2021.10.0//bin/mpiicc,icc,O3,8192,8,core,P_ONLY_HT,0-15,1,1,3,3,0,1024,1024,1024,1.625,0.625,70.778058,71.5807,72.224198,1.44614,5.107110,70.485502,65.670948,1.073313,15.535,15.360,15.534640,eb5971182384099c2b4d08c5e3c8a0a2,REF,-std=c11 -O3 -qopenmp-simd -xHost -DN=8192 -DTIME -DVERIFY -DALIGN -DRESTRICT -funroll-loops,mpirun -genv I_MPI_PIN=1 -genv I_MPI_DEBUG=4 -genv I_MPI_PIN_PROCESSOR_LIST=0-15 -np 8 --bind-to core /tmp/mpi_base_hkiZla/app,207.322,2.896339,0.362042,36.20
base,12th Gen Intel(R) Core(TM) i9-12900K,/opt/intel/oneapi/mpi/2021.10.0//bin/mpiicc,icc,O3,8192,16,core,P_ONLY_HT,0-15,1,1,3,3,0,512,512,512,1.562,0.562,72.105837,73.6157,75.511383,3.40555,16.603491,75.080244,55.827824,1.344853,15.249,14.936,14.560873,5a9f0b26c2ee38ce532b64272163bffc,REF,-std=c11 -O3 -qopenmp-simd -xHost -DN=8192 -DTIME -DVERIFY -DALIGN -DRESTRICT -funroll-loops,mpirun -genv I_MPI_PIN=1 -genv I_MPI_DEBUG=4 -genv I_MPI_PIN_PROCESSOR_LIST=0-15 -np 16 --bind-to core /tmp/mpi_base_5qp2jf/app,207.322,2.816274,0.176017,17.60
base,12th Gen Intel(R) Core(TM) i9-12900K,/opt/intel/oneapi/mpi/2021.10.0//bin/mpiicc,icc,O3,8192,1,core,E_ONLY,16-23,1,1,3,3,0,8192,8192,8192,2.500,1.500,193.796818,201.252,211.909351,18.1125,0.112814,193.684004,193.684004,1.000000,5.674,5.463,5.673528,f3888a527ba840ee7c536a956ad15a64,REF,-std=c11 -O3 -qopenmp-simd -xHost -DN=8192 -DTIME -DVERIFY -DALIGN -DRESTRICT -funroll-loops,mpirun -genv I_MPI_PIN=1 -genv I_MPI_DEBUG=4 -genv I_MPI_PIN_PROCESSOR_LIST=16-23 -np 1 --bind-to core /tmp/mpi_base_Hkr5cE/app,201.252,1.000000,1.000000,100.00
base,12th Gen Intel(R) Core(TM) i9-12900K,/opt/intel/oneapi/mpi/2021.10.0//bin/mpiicc,icc,O3,8192,2,core,E_ONLY,16-23,1,1,3,3,0,4096,4096,4096,2.000,1.000,107.557222,110.931,114.578237,7.02102,2.181296,107.369004,105.375882,1.018914,10.223,9.912,10.222574,3e4a928838c5cf44c7f95ce031ac416e,REF,-std=c11 -O3 -qopenmp-simd -xHost -DN=8192 -DTIME -DVERIFY -DALIGN -DRESTRICT -funroll-loops,mpirun -genv I_MPI_PIN=1 -genv I_MPI_DEBUG=4 -genv I_MPI_PIN_PROCESSOR_LIST=16-23 -np 2 --bind-to core /tmp/mpi_base_lXB2ne/app,201.252,1.814209,0.907104,90.71
base,12th Gen Intel(R) Core(TM) i9-12900K,/opt/intel/oneapi/mpi/2021.10.0//bin/mpiicc,icc,O3,8192,4,core,E_ONLY,16-23,1,1,3,3,0,2048,2048,2048,1.750,0.750,85.402079,86.9283,89.527548,4.12547,3.027807,85.678842,82.827040,1.034431,12.875,12.648,12.806634,7f79fa5ce42f31f8f1fd1356944c8fc7,REF,-std=c11 -O3 -qopenmp-simd -xHost -DN=8192 -DTIME -DVERIFY -DALIGN -DRESTRICT -funroll-loops,mpirun -genv I_MPI_PIN=1 -genv I_MPI_DEBUG=4 -genv I_MPI_PIN_PROCESSOR_LIST=16-23 -np 4 --bind-to core /tmp/mpi_base_wsaUL3/app,201.252,2.315149,0.578787,57.88
base,12th Gen Intel(R) Core(TM) i9-12900K,/opt/intel/oneapi/mpi/2021.10.0//bin/mpiicc,icc,O3,8192,8,core,E_ONLY,16-23,1,1,3,3,0,1024,1024,1024,1.625,0.625,71.253923,71.6033,71.799721,0.545798,1.802248,71.450465,68.497810,1.043106,15.431,15.356,15.322891,eb5971182384099c2b4d08c5e3c8a0a2,REF,-std=c11 -O3 -qopenmp-simd -xHost -DN=8192 -DTIME -DVERIFY -DALIGN -DRESTRICT -funroll-loops,mpirun -genv I_MPI_PIN=1 -genv I_MPI_DEBUG=4 -genv I_MPI_PIN_PROCESSOR_LIST=16-23 -np 8 --bind-to core /tmp/mpi_base_70SlYC/app,201.252,2.810653,0.351332,35.13
base,12th Gen Intel(R) Core(TM) i9-12900K,/opt/intel/oneapi/mpi/2021.10.0//bin/mpiicc,icc,O3,8192,1,core,P_PLUS_E_PHYSICAL,0+2+4+6+8+10+12+14+16-23,1,1,3,3,0,8192,8192,8192,2.500,1.500,201.341342,207.766,213.604004,12.2627,0.112034,201.229308,201.229308,1.000000,5.461,5.292,5.460933,f3888a527ba840ee7c536a956ad15a64,REF,-std=c11 -O3 -qopenmp-simd -xHost -DN=8192 -DTIME -DVERIFY -DALIGN -DRESTRICT -funroll-loops,mpirun -genv I_MPI_PIN=1 -genv I_MPI_DEBUG=4 -genv I_MPI_PIN_PROCESSOR_LIST=0,2,4,6,8,10,12,14,16-23 -np 1 --bind-to core /tmp/mpi_base_RBJ5bU/app,207.766,1.000000,1.000000,100.00
base,12th Gen Intel(R) Core(TM) i9-12900K,/opt/intel/oneapi/mpi/2021.10.0//bin/mpiicc,icc,O3,8192,2,core,P_PLUS_E_PHYSICAL,0+2+4+6+8+10+12+14+16-23,1,1,3,3,0,4096,4096,4096,2.000,1.000,112.101418,114.799,116.159724,4.05831,0.976443,115.962464,115.183173,1.006766,9.808,9.578,9.465515,3e4a928838c5cf44c7f95ce031ac416e,REF,-std=c11 -O3 -qopenmp-simd -xHost -DN=8192 -DTIME -DVERIFY -DALIGN -DRESTRICT -funroll-loops,mpirun -genv I_MPI_PIN=1 -genv I_MPI_DEBUG=4 -genv I_MPI_PIN_PROCESSOR_LIST=0,2,4,6,8,10,12,14,16-23 -np 2 --bind-to core /tmp/mpi_base_dMF54E/app,207.766,1.809824,0.904912,90.49
base,12th Gen Intel(R) Core(TM) i9-12900K,/opt/intel/oneapi/mpi/2021.10.0//bin/mpiicc,icc,O3,8192,4,core,P_PLUS_E_PHYSICAL,0+2+4+6+8+10+12+14+16-23,1,1,3,3,0,2048,2048,2048,1.750,0.750,84.776185,87.3493,89.968335,5.19215,1.232050,89.797156,88.487013,1.014806,12.970,12.588,12.221096,7f79fa5ce42f31f8f1fd1356944c8fc7,REF,-std=c11 -O3 -qopenmp-simd -xHost -DN=8192 -DTIME -DVERIFY -DALIGN -DRESTRICT -funroll-loops,mpirun -genv I_MPI_PIN=1 -genv I_MPI_DEBUG=4 -genv I_MPI_PIN_PROCESSOR_LIST=0,2,4,6,8,10,12,14,16-23 -np 4 --bind-to core /tmp/mpi_base_6uEtom/app,207.766,2.378565,0.594641,59.46
base,12th Gen Intel(R) Core(TM) i9-12900K,/opt/intel/oneapi/mpi/2021.10.0//bin/mpiicc,icc,O3,8192,8,core,P_PLUS_E_PHYSICAL,0+2+4+6+8+10+12+14+16-23,1,1,3,3,0,1024,1024,1024,1.625,0.625,71.128425,71.381,71.832494,0.704069,3.111703,70.821325,67.724490,1.045727,15.458,15.403,15.458119,eb5971182384099c2b4d08c5e3c8a0a2,REF,-std=c11 -O3 -qopenmp-simd -xHost -DN=8192 -DTIME -DVERIFY -DALIGN -DRESTRICT -funroll-loops,mpirun -genv I_MPI_PIN=1 -genv I_MPI_DEBUG=4 -genv I_MPI_PIN_PROCESSOR_LIST=0,2,4,6,8,10,12,14,16-23 -np 8 --bind-to core /tmp/mpi_base_QTPZ9h/app,207.766,2.910663,0.363833,36.38
base,12th Gen Intel(R) Core(TM) i9-12900K,/opt/intel/oneapi/mpi/2021.10.0//bin/mpiicc,icc,O3,8192,16,core,P_PLUS_E_PHYSICAL,0+2+4+6+8+10+12+14+16-23,1,1,3,3,0,512,512,512,1.562,0.562,71.343447,71.9723,73.097659,1.75421,15.472607,71.017087,55.744742,1.273969,15.412,15.277,15.382933,5a9f0b26c2ee38ce532b64272163bffc,REF,-std=c11 -O3 -qopenmp-simd -xHost -DN=8192 -DTIME -DVERIFY -DALIGN -DRESTRICT -funroll-loops,mpirun -genv I_MPI_PIN=1 -genv I_MPI_DEBUG=4 -genv I_MPI_PIN_PROCESSOR_LIST=0,2,4,6,8,10,12,14,16-23 -np 16 --bind-to core /tmp/mpi_base_kgwcxh/app,207.766,2.886749,0.180422,18.04
base,12th Gen Intel(R) Core(TM) i9-12900K,/opt/intel/oneapi/mpi/2021.10.0//bin/mpiicc,icc,O3,8192,1,core,ALL_LOGICAL,0-23,1,1,3,3,0,8192,8192,8192,2.500,1.500,196.904017,203.454,207.861328,10.9573,0.113149,207.748179,207.748179,1.000000,5.584,5.404,5.289640,f3888a527ba840ee7c536a956ad15a64,REF,-std=c11 -O3 -qopenmp-simd -xHost -DN=8192 -DTIME -DVERIFY -DALIGN -DRESTRICT -funroll-loops,mpirun -genv I_MPI_PIN=1 -genv I_MPI_DEBUG=4 -genv I_MPI_PIN_PROCESSOR_LIST=0-23 -np 1 --bind-to core /tmp/mpi_base_eoY5Ij/app,203.454,1.000000,1.000000,100.00
base,12th Gen Intel(R) Core(TM) i9-12900K,/opt/intel/oneapi/mpi/2021.10.0//bin/mpiicc,icc,O3,8192,2,core,ALL_LOGICAL,0-23,1,1,3,3,0,4096,4096,4096,2.000,1.000,114.837656,115.343,115.636498,0.798842,0.929350,115.359058,114.626582,1.006390,9.574,9.533,9.514973,3e4a928838c5cf44c7f95ce031ac416e,REF,-std=c11 -O3 -qopenmp-simd -xHost -DN=8192 -DTIME -DVERIFY -DALIGN -DRESTRICT -funroll-loops,mpirun -genv I_MPI_PIN=1 -genv I_MPI_DEBUG=4 -genv I_MPI_PIN_PROCESSOR_LIST=0-23 -np 2 --bind-to core /tmp/mpi_base_6trrkl/app,203.454,1.763904,0.881952,88.20
base,12th Gen Intel(R) Core(TM) i9-12900K,/opt/intel/oneapi/mpi/2021.10.0//bin/mpiicc,icc,O3,8192,4,core,ALL_LOGICAL,0-23,1,1,3,3,0,2048,2048,2048,1.750,0.750,89.010318,89.296,89.479782,0.469464,1.891617,89.224698,87.506459,1.019636,12.353,12.313,12.299008,7f79fa5ce42f31f8f1fd1356944c8fc7,REF,-std=c11 -O3 -qopenmp-simd -xHost -DN=8192 -DTIME -DVERIFY -DALIGN -DRESTRICT -funroll-loops,mpirun -genv I_MPI_PIN=1 -genv I_MPI_DEBUG=4 -genv I_MPI_PIN_PROCESSOR_LIST=0-23 -np 4 --bind-to core /tmp/mpi_base_kvduev/app,203.454,2.278422,0.569605,56.96
base,12th Gen Intel(R) Core(TM) i9-12900K,/opt/intel/oneapi/mpi/2021.10.0//bin/mpiicc,icc,O3,8192,8,core,ALL_LOGICAL,0-23,1,1,3,3,0,1024,1024,1024,1.625,0.625,70.686568,70.781,70.879144,0.192576,3.482922,70.584433,65.378353,1.079630,15.555,15.534,15.512485,eb5971182384099c2b4d08c5e3c8a0a2,REF,-std=c11 -O3 -qopenmp-simd -xHost -DN=8192 -DTIME -DVERIFY -DALIGN -DRESTRICT -funroll-loops,mpirun -genv I_MPI_PIN=1 -genv I_MPI_DEBUG=4 -genv I_MPI_PIN_PROCESSOR_LIST=0-23 -np 8 --bind-to core /tmp/mpi_base_rGu9Ca/app,203.454,2.874415,0.359302,35.93
base,12th Gen Intel(R) Core(TM) i9-12900K,/opt/intel/oneapi/mpi/2021.10.0//bin/mpiicc,icc,O3,8192,16,core,ALL_LOGICAL,0-23,1,1,3,3,0,512,512,512,1.562,0.562,71.495148,71.9517,72.779605,1.28446,15.134963,71.137811,55.718025,1.276747,15.379,15.281,15.360671,5a9f0b26c2ee38ce532b64272163bffc,REF,-std=c11 -O3 -qopenmp-simd -xHost -DN=8192 -DTIME -DVERIFY -DALIGN -DRESTRICT -funroll-loops,mpirun -genv I_MPI_PIN=1 -genv I_MPI_DEBUG=4 -genv I_MPI_PIN_PROCESSOR_LIST=0-23 -np 16 --bind-to core /tmp/mpi_base_SNsM8b/app,203.454,2.827647,0.176728,17.67
base,12th Gen Intel(R) Core(TM) i9-12900K,/opt/intel/oneapi/mpi/2021.10.0//bin/mpiicc,icc,O3,8192,24,core,ALL_LOGICAL,0-23,1,1,3,3,0,341,342,342,1.542,0.542,70.382703,70.4697,70.561091,0.178388,5.688716,69.728511,64.676271,1.078116,15.622,15.603,15.621901,1de9ada6623bb6e9fbae47c2ac8bbb59,REF,-std=c11 -O3 -qopenmp-simd -xHost -DN=8192 -DTIME -DVERIFY -DALIGN -DRESTRICT -funroll-loops,mpirun -genv I_MPI_PIN=1 -genv I_MPI_DEBUG=4 -genv I_MPI_PIN_PROCESSOR_LIST=0-23 -np 24 --bind-to core /tmp/mpi_base_P8B6wg/app,203.454,2.887113,0.120296,12.03
base,12th Gen Intel(R) Core(TM) i9-12900K,/opt/intel/oneapi/mpi/2021.10.0//bin/mpiicc,icc,O3,10240,1,core,P_ONLY_PHYSICAL,0+2+4+6+8+10+12+14,1,1,3,3,0,10240,10240,10240,3.906,2.344,397.485893,406.613,423.225918,25.74,0.175567,423.050351,423.050351,1.000000,5.403,5.281,5.074083,34b0331b2f4c4f1287c8c2789dc15995,REF,-std=c11 -O3 -qopenmp-simd -xHost -DN=10240 -DTIME -DVERIFY -DALIGN -DRESTRICT -funroll-loops,mpirun -genv I_MPI_PIN=1 -genv I_MPI_DEBUG=4 -genv I_MPI_PIN_PROCESSOR_LIST=0,2,4,6,8,10,12,14 -np 1 --bind-to core /tmp/mpi_base_Ky6oT7/app,406.613,1.000000,1.000000,100.00
base,12th Gen Intel(R) Core(TM) i9-12900K,/opt/intel/oneapi/mpi/2021.10.0//bin/mpiicc,icc,O3,10240,2,core,P_ONLY_PHYSICAL,0+2+4+6+8+10+12+14,1,1,3,3,0,5120,5120,5120,3.125,1.562,215.007746,220.638,223.528908,8.52116,1.252205,223.050126,222.123787,1.004170,9.988,9.733,9.613728,4c56eacd9a8e0001024f3da39a5fc90f,REF,-std=c11 -O3 -qopenmp-simd -xHost -DN=10240 -DTIME -DVERIFY -DALIGN -DRESTRICT -funroll-loops,mpirun -genv I_MPI_PIN=1 -genv I_MPI_DEBUG=4 -genv I_MPI_PIN_PROCESSOR_LIST=0,2,4,6,8,10,12,14 -np 2 --bind-to core /tmp/mpi_base_h2LWJR/app,406.613,1.842897,0.921449,92.14
base,12th Gen Intel(R) Core(TM) i9-12900K,/opt/intel/oneapi/mpi/2021.10.0//bin/mpiicc,icc,O3,10240,4,core,P_ONLY_PHYSICAL,0+2+4+6+8+10+12+14,1,1,3,3,0,2560,2560,2560,2.734,1.172,173.490446,174.109,174.653354,1.16291,3.516593,174.388314,171.136762,1.019000,12.378,12.334,12.295691,a4d0d4aef2746e72429273799684d0d3,REF,-std=c11 -O3 -qopenmp-simd -xHost -DN=10240 -DTIME -DVERIFY -DALIGN -DRESTRICT -funroll-loops,mpirun -genv I_MPI_PIN=1 -genv I_MPI_DEBUG=4 -genv I_MPI_PIN_PROCESSOR_LIST=0,2,4,6,8,10,12,14 -np 4 --bind-to core /tmp/mpi_base_689Wi5/app,406.613,2.335393,0.583848,58.38
base,12th Gen Intel(R) Core(TM) i9-12900K,/opt/intel/oneapi/mpi/2021.10.0//bin/mpiicc,icc,O3,10240,8,core,P_ONLY_PHYSICAL,0+2+4+6+8+10+12+14,1,1,3,3,0,1280,1280,1280,2.539,0.977,138.245413,138.55,138.850522,0.605109,6.124537,138.403201,130.688988,1.059027,15.534,15.500,15.466155,9b2edbfc530889573fb6490bc90ced82,REF,-std=c11 -O3 -qopenmp-simd -xHost -DN=10240 -DTIME -DVERIFY -DALIGN -DRESTRICT -funroll-loops,mpirun -genv I_MPI_PIN=1 -genv I_MPI_DEBUG=4 -genv I_MPI_PIN_PROCESSOR_LIST=0,2,4,6,8,10,12,14 -np 8 --bind-to core /tmp/mpi_base_oHAfDs/app,406.613,2.934774,0.366847,36.68
base,12th Gen Intel(R) Core(TM) i9-12900K,/opt/intel/oneapi/mpi/2021.10.0//bin/mpiicc,icc,O3,10240,1,core,P_ONLY_HT,0-15,1,1,3,3,0,10240,10240,10240,3.906,2.344,391.574621,408.12,424.303093,32.7285,0.176250,408.303857,408.303857,1.000000,5.484,5.262,5.257254,34b0331b2f4c4f1287c8c2789dc15995,REF,-std=c11 -O3 -qopenmp-simd -xHost -DN=10240 -DTIME -DVERIFY -DALIGN -DRESTRICT -funroll-loops,mpirun -genv I_MPI_PIN=1 -genv I_MPI_DEBUG=4 -genv I_MPI_PIN_PROCESSOR_LIST=0-15 -np 1 --bind-to core /tmp/mpi_base_M4EhKs/app,408.12,1.000000,1.000000,100.00
base,12th Gen Intel(R) Core(TM) i9-12900K,/opt/intel/oneapi/mpi/2021.10.0//bin/mpiicc,icc,O3,10240,2,core,P_ONLY_HT,0-15,1,1,3,3,0,5120,5120,5120,3.125,1.562,223.134015,225.931,229.005035,5.87102,5.797550,222.830632,217.336465,1.025280,9.624,9.505,9.624188,4c56eacd9a8e0001024f3da39a5fc90f,REF,-std=c11 -O3 -qopenmp-simd -xHost -DN=10240 -DTIME -DVERIFY -DALIGN -DRESTRICT -funroll-loops,mpirun -genv I_MPI_PIN=1 -genv I_MPI_DEBUG=4 -genv I_MPI_PIN_PROCESSOR_LIST=0-15 -np 2 --bind-to core /tmp/mpi_base_GVwabu/app,408.12,1.806392,0.903196,90.32
base,12th Gen Intel(R) Core(TM) i9-12900K,/opt/intel/oneapi/mpi/2021.10.0//bin/mpiicc,icc,O3,10240,4,core,P_ONLY_HT,0-15,1,1,3,3,0,2560,2560,2560,2.734,1.172,167.337033,169.92,174.833546,7.49651,5.003483,167.318749,161.217743,1.037843,12.833,12.638,12.813981,a4d0d4aef2746e72429273799684d0d3,REF,-std=c11 -O3 -qopenmp-simd -xHost -DN=10240 -DTIME -DVERIFY -DALIGN -DRESTRICT -funroll-loops,mpirun -genv I_MPI_PIN=1 -genv I_MPI_DEBUG=4 -genv I_MPI_PIN_PROCESSOR_LIST=0-15 -np 4 --bind-to core /tmp/mpi_base_ybVZLD/app,408.12,2.401836,0.600459,60.05
base,12th Gen Intel(R) Core(TM) i9-12900K,/opt/intel/oneapi/mpi/2021.10.0//bin/mpiicc,icc,O3,10240,8,core,P_ONLY_HT,0-15,1,1,3,3,0,1280,1280,1280,2.539,0.977,138.102587,138.281,138.414875,0.312288,6.442317,137.964944,128.133457,1.076728,15.550,15.530,15.514833,9b2edbfc530889573fb6490bc90ced82,REF,-std=c11 -O3 -qopenmp-simd -xHost -DN=10240 -DTIME -DVERIFY -DALIGN -DRESTRICT -funroll-loops,mpirun -genv I_MPI_PIN=1 -genv I_MPI_DEBUG=4 -genv I_MPI_PIN_PROCESSOR_LIST=0-15 -np 8 --bind-to core /tmp/mpi_base_RmLg3W/app,408.12,2.951382,0.368923,36.89
base,12th Gen Intel(R) Core(TM) i9-12900K,/opt/intel/oneapi/mpi/2021.10.0//bin/mpiicc,icc,O3,10240,16,core,P_ONLY_HT,0-15,1,1,3,3,0,640,640,640,2.441,0.879,137.651473,141.479,144.909193,7.25772,33.748182,144.239414,107.373615,1.343341,15.601,15.179,14.819513,6368205eae35a03ce722568c7c180693,REF,-std=c11 -O3 -qopenmp-simd -xHost -DN=10240 -DTIME -DVERIFY -DALIGN -DRESTRICT -funroll-loops,mpirun -genv I_MPI_PIN=1 -genv I_MPI_DEBUG=4 -genv I_MPI_PIN_PROCESSOR_LIST=0-15 -np 16 --bind-to core /tmp/mpi_base_8Y7akp/app,408.12,2.884668,0.180292,18.03
base,12th Gen Intel(R) Core(TM) i9-12900K,/opt/intel/oneapi/mpi/2021.10.0//bin/mpiicc,icc,O3,10240,1,core,E_ONLY,16-23,1,1,3,3,0,10240,10240,10240,3.906,2.344,392.111393,401.223,414.736448,22.6251,0.175879,414.560569,414.560569,1.000000,5.477,5.352,5.177948,34b0331b2f4c4f1287c8c2789dc15995,REF,-std=c11 -O3 -qopenmp-simd -xHost -DN=10240 -DTIME -DVERIFY -DALIGN -DRESTRICT -funroll-loops,mpirun -genv I_MPI_PIN=1 -genv I_MPI_DEBUG=4 -genv I_MPI_PIN_PROCESSOR_LIST=16-23 -np 1 --bind-to core /tmp/mpi_base_TqSJ3I/app,401.223,1.000000,1.000000,100.00
base,12th Gen Intel(R) Core(TM) i9-12900K,/opt/intel/oneapi/mpi/2021.10.0//bin/mpiicc,icc,O3,10240,2,core,E_ONLY,16-23,1,1,3,3,0,5120,5120,5120,3.125,1.562,219.470048,222.251,224.576821,5.10677,6.539773,222.387183,216.165023,1.028784,9.785,9.662,9.642736,4c56eacd9a8e0001024f3da39a5fc90f,REF,-std=c11 -O3 -qopenmp-simd -xHost -DN=10240 -DTIME -DVERIFY -DALIGN -DRESTRICT -funroll-loops,mpirun -genv I_MPI_PIN=1 -genv I_MPI_DEBUG=4 -genv I_MPI_PIN_PROCESSOR_LIST=16-23 -np 2 --bind-to core /tmp/mpi_base_56HIwF/app,401.223,1.805270,0.902635,90.26
base,12th Gen Intel(R) Core(TM) i9-12900K,/opt/intel/oneapi/mpi/2021.10.0//bin/mpiicc,icc,O3,10240,4,core,E_ONLY,16-23,1,1,3,3,0,2560,2560,2560,2.734,1.172,165.181480,171.071,174.811955,9.63048,2.839340,174.540397,171.580687,1.017250,13.001,12.553,12.284535,a4d0d4aef2746e72429273799684d0d3,REF,-std=c11 -O3 -qopenmp-simd -xHost -DN=10240 -DTIME -DVERIFY -DALIGN -DRESTRICT -funroll-loops,mpirun -genv I_MPI_PIN=1 -genv I_MPI_DEBUG=4 -genv I_MPI_PIN_PROCESSOR_LIST=16-23 -np 4 --bind-to core /tmp/mpi_base_tqvZe1/app,401.223,2.345360,0.586340,58.63
base,12th Gen Intel(R) Core(TM) i9-12900K,/opt/intel/oneapi/mpi/2021.10.0//bin/mpiicc,icc,O3,10240,8,core,E_ONLY,16-23,1,1,3,3,0,1280,1280,1280,2.539,0.977,138.282980,138.834,139.908318,1.62534,8.935551,137.832251,128.921958,1.069114,15.530,15.468,15.526533,9b2edbfc530889573fb6490bc90ced82,REF,-std=c11 -O3 -qopenmp-simd -xHost -DN=10240 -DTIME -DVERIFY -DALIGN -DRESTRICT -funroll-loops,mpirun -genv I_MPI_PIN=1 -genv I_MPI_DEBUG=4 -genv I_MPI_PIN_PROCESSOR_LIST=16-23 -np 8 --bind-to core /tmp/mpi_base_mDqaXO/app,401.223,2.889948,0.361243,36.12
base,12th Gen Intel(R) Core(TM) i9-12900K,/opt/intel/oneapi/mpi/2021.10.0//bin/mpiicc,icc,O3,10240,1,core,P_PLUS_E_PHYSICAL,0+2+4+6+8+10+12+14+16-23,1,1,3,3,0,10240,10240,10240,3.906,2.344,368.629580,386.387,409.538265,40.9087,0.176296,368.453284,368.453284,1.000000,5.826,5.558,5.825587,34b0331b2f4c4f1287c8c2789dc15995,REF,-std=c11 -O3 -qopenmp-simd -xHost -DN=10240 -DTIME -DVERIFY -DALIGN -DRESTRICT -funroll-loops,mpirun -genv I_MPI_PIN=1 -genv I_MPI_DEBUG=4 -genv I_MPI_PIN_PROCESSOR_LIST=0,2,4,6,8,10,12,14,16-23 -np 1 --bind-to core /tmp/mpi_base_8mqosb/app,386.387,1.000000,1.000000,100.00
base,12th Gen Intel(R) Core(TM) i9-12900K,/opt/intel/oneapi/mpi/2021.10.0//bin/mpiicc,icc,O3,10240,2,core,P_PLUS_E_PHYSICAL,0+2+4+6+8+10+12+14+16-23,1,1,3,3,0,5120,5120,5120,3.125,1.562,216.792952,219.386,224.003998,7.21105,10.502705,216.476329,206.290248,1.049377,9.906,9.789,9.905689,4c56eacd9a8e0001024f3da39a5fc90f,REF,-std=c11 -O3 -qopenmp-simd -xHost -DN=10240 -DTIME -DVERIFY -DALIGN -DRESTRICT -funroll-loops,mpirun -genv I_MPI_PIN=1 -genv I_MPI_DEBUG=4 -genv I_MPI_PIN_PROCESSOR_LIST=0,2,4,6,8,10,12,14,16-23 -np 2 --bind-to core /tmp/mpi_base_NkILk0/app,386.387,1.761220,0.880610,88.06
base,12th Gen Intel(R) Core(TM) i9-12900K,/opt/intel/oneapi/mpi/2021.10.0//bin/mpiicc,icc,O3,10240,4,core,P_PLUS_E_PHYSICAL,0+2+4+6+8+10+12+14+16-23,1,1,3,3,0,2560,2560,2560,2.734,1.172,165.402273,165.811,166.178303,0.77603,7.379591,165.139230,158.022272,1.045038,12.983,12.951,12.983399,a4d0d4aef2746e72429273799684d0d3,REF,-std=c11 -O3 -qopenmp-simd -xHost -DN=10240 -DTIME -DVERIFY -DALIGN -DRESTRICT -funroll-loops,mpirun -genv I_MPI_PIN=1 -genv I_MPI_DEBUG=4 -genv I_MPI_PIN_PROCESSOR_LIST=0,2,4,6,8,10,12,14,16-23 -np 4 --bind-to core /tmp/mpi_base_colpMV/app,386.387,2.330286,0.582572,58.26
base,12th Gen Intel(R) Core(TM) i9-12900K,/opt/intel/oneapi/mpi/2021.10.0//bin/mpiicc,icc,O3,10240,8,core,P_PLUS_E_PHYSICAL,0+2+4+6+8+10+12+14+16-23,1,1,3,3,0,1280,1280,1280,2.539,0.977,139.414094,139.688,139.873578,0.459484,4.093647,139.403922,134.544249,1.036120,15.404,15.373,15.353033,9b2edbfc530889573fb6490bc90ced82,REF,-std=c11 -O3 -qopenmp-simd -xHost -DN=10240 -DTIME -DVERIFY -DALIGN -DRESTRICT -funroll-loops,mpirun -genv I_MPI_PIN=1 -genv I_MPI_DEBUG=4 -genv I_MPI_PIN_PROCESSOR_LIST=0,2,4,6,8,10,12,14,16-23 -np 8 --bind-to core /tmp/mpi_base_X1sdtz/app,386.387,2.766072,0.345759,34.58
base,12th Gen Intel(R) Core(TM) i9-12900K,/opt/intel/oneapi/mpi/2021.10.0//bin/mpiicc,icc,O3,10240,16,core,P_PLUS_E_PHYSICAL,0+2+4+6+8+10+12+14+16-23,1,1,3,3,0,640,640,640,2.441,0.879,138.538655,139.34,140.260266,1.72161,25.308976,137.836921,112.993278,1.219868,15.501,15.412,15.500971,6368205eae35a03ce722568c7c180693,REF,-std=c11 -O3 -qopenmp-simd -xHost -DN=10240 -DTIME -DVERIFY -DALIGN -DRESTRICT -funroll-loops,mpirun -genv I_MPI_PIN=1 -genv I_MPI_DEBUG=4 -genv I_MPI_PIN_PROCESSOR_LIST=0,2,4,6,8,10,12,14,16-23 -np 16 --bind-to core /tmp/mpi_base_Snqq4W/app,386.387,2.772980,0.173311,17.33
base,12th Gen Intel(R) Core(TM) i9-12900K,/opt/intel/oneapi/mpi/2021.10.0//bin/mpiicc,icc,O3,10240,1,core,ALL_LOGICAL,0-23,1,1,3,3,0,10240,10240,10240,3.906,2.344,408.197747,410.023,413.673006,5.47526,0.177686,413.495320,413.495320,1.000000,5.261,5.237,5.191259,34b0331b2f4c4f1287c8c2789dc15995,REF,-std=c11 -O3 -qopenmp-simd -xHost -DN=10240 -DTIME -DVERIFY -DALIGN -DRESTRICT -funroll-loops,mpirun -genv I_MPI_PIN=1 -genv I_MPI_DEBUG=4 -genv I_MPI_PIN_PROCESSOR_LIST=0-23 -np 1 --bind-to core /tmp/mpi_base_MSSCkI/app,410.023,1.000000,1.000000,100.00
base,12th Gen Intel(R) Core(TM) i9-12900K,/opt/intel/oneapi/mpi/2021.10.0//bin/mpiicc,icc,O3,10240,2,core,ALL_LOGICAL,0-23,1,1,3,3,0,5120,5120,5120,3.125,1.562,216.328614,222.699,226.246807,9.91819,1.554806,225.214939,223.965252,1.005580,9.927,9.643,9.522362,4c56eacd9a8e0001024f3da39a5fc90f,REF,-std=c11 -O3 -qopenmp-simd -xHost -DN=10240 -DTIME -DVERIFY -DALIGN -DRESTRICT -funroll-loops,mpirun -genv I_MPI_PIN=1 -genv I_MPI_DEBUG=4 -genv I_MPI_PIN_PROCESSOR_LIST=0-23 -np 2 --bind-to core /tmp/mpi_base_z8YiCJ/app,410.023,1.841153,0.920577,92.06
base,12th Gen Intel(R) Core(TM) i9-12900K,/opt/intel/oneapi/mpi/2021.10.0//bin/mpiicc,icc,O3,10240,4,core,ALL_LOGICAL,0-23,1,1,3,3,0,2560,2560,2560,2.734,1.172,165.272843,169.054,172.030029,6.75719,5.537693,169.567573,164.321377,1.031926,12.994,12.703,12.642693,a4d0d4aef2746e72429273799684d0d3,REF,-std=c11 -O3 -qopenmp-simd -xHost -DN=10240 -DTIME -DVERIFY -DALIGN -DRESTRICT -funroll-loops,mpirun -genv I_MPI_PIN=1 -genv I_MPI_DEBUG=4 -genv I_MPI_PIN_PROCESSOR_LIST=0-23 -np 4 --bind-to core /tmp/mpi_base_qpkeq3/app,410.023,2.425397,0.606349,60.63
base,12th Gen Intel(R) Core(TM) i9-12900K,/opt/intel/oneapi/mpi/2021.10.0//bin/mpiicc,icc,O3,10240,8,core,ALL_LOGICAL,0-23,1,1,3,3,0,1280,1280,1280,2.539,0.977,138.808597,138.9,139.038856,0.230259,9.675985,138.387622,128.508635,1.076874,15.471,15.461,15.465859,9b2edbfc530889573fb6490bc90ced82,REF,-std=c11 -O3 -qopenmp-simd -xHost -DN=10240 -DTIME -DVERIFY -DALIGN -DRESTRICT -funroll-loops,mpirun -genv I_MPI_PIN=1 -genv I_MPI_DEBUG=4 -genv I_MPI_PIN_PROCESSOR_LIST=0-23 -np 8 --bind-to core /tmp/mpi_base_V5YsoV/app,410.023,2.951929,0.368991,36.90
base,12th Gen Intel(R) Core(TM) i9-12900K,/opt/intel/oneapi/mpi/2021.10.0//bin/mpiicc,icc,O3,10240,16,core,ALL_LOGICAL,0-23,1,1,3,3,0,640,640,640,2.441,0.879,139.376953,141.181,142.420102,3.04315,21.268626,141.053647,110.574833,1.275640,15.408,15.211,15.150208,6368205eae35a03ce722568c7c180693,REF,-std=c11 -O3 -qopenmp-simd -xHost -DN=10240 -DTIME -DVERIFY -DALIGN -DRESTRICT -funroll-loops,mpirun -genv I_MPI_PIN=1 -genv I_MPI_DEBUG=4 -genv I_MPI_PIN_PROCESSOR_LIST=0-23 -np 16 --bind-to core /tmp/mpi_base_apdpWn/app,410.023,2.904236,0.181515,18.15
base,12th Gen Intel(R) Core(TM) i9-12900K,/opt/intel/oneapi/mpi/2021.10.0//bin/mpiicc,icc,O3,10240,24,core,ALL_LOGICAL,0-23,1,1,3,3,0,426,427,427,2.409,0.846,137.744869,138.989,139.633480,1.88861,13.571104,136.808372,125.927261,1.086408,15.590,15.451,15.379432,b71b102a427480793cb31dbc34490313,REF,-std=c11 -O3 -qopenmp-simd -xHost -DN=10240 -DTIME -DVERIFY -DALIGN -DRESTRICT -funroll-loops,mpirun -genv I_MPI_PIN=1 -genv I_MPI_DEBUG=4 -genv I_MPI_PIN_PROCESSOR_LIST=0-23 -np 24 --bind-to core /tmp/mpi_base_jWMDTX/app,410.023,2.950039,0.122918,12.29
base,12th Gen Intel(R) Core(TM) i9-12900K,/opt/intel/oneapi/mpi/2021.10.0//bin/mpiicc,icc,O3,12288,1,core,P_ONLY_PHYSICAL,0+2+4+6+8+10+12+14,1,1,3,3,0,12288,12288,12288,5.625,3.375,673.009220,706.69,727.785377,54.7762,0.251504,672.757715,672.757715,1.000000,5.514,5.251,5.513820,a59ab6fadcb81958979e0d31fee217c5,REF,-std=c11 -O3 -qopenmp-simd -xHost -DN=12288 -DTIME -DVERIFY -DALIGN -DRESTRICT -funroll-loops,mpirun -genv I_MPI_PIN=1 -genv I_MPI_DEBUG=4 -genv I_MPI_PIN_PROCESSOR_LIST=0,2,4,6,8,10,12,14 -np 1 --bind-to core /tmp/mpi_base_uQByzO/app,706.69,1.000000,1.000000,100.00
base,12th Gen Intel(R) Core(TM) i9-12900K,/opt/intel/oneapi/mpi/2021.10.0//bin/mpiicc,icc,O3,12288,2,core,P_ONLY_PHYSICAL,0+2+4+6+8+10+12+14,1,1,3,3,0,6144,6144,6144,4.500,2.250,357.312924,365.103,372.500523,15.1876,4.792962,365.027777,360.701644,1.011994,10.385,10.164,10.152950,42afc812968ede3776bdaed41f87834f,REF,-std=c11 -O3 -qopenmp-simd -xHost -DN=12288 -DTIME -DVERIFY -DALIGN -DRESTRICT -funroll-loops,mpirun -genv I_MPI_PIN=1 -genv I_MPI_DEBUG=4 -genv I_MPI_PIN_PROCESSOR_LIST=0,2,4,6,8,10,12,14 -np 2 --bind-to core /tmp/mpi_base_4rIA8e/app,706.69,1.935591,0.967796,96.78
base,12th Gen Intel(R) Core(TM) i9-12900K,/opt/intel/oneapi/mpi/2021.10.0//bin/mpiicc,icc,O3,12288,4,core,P_ONLY_PHYSICAL,0+2+4+6+8+10+12+14,1,1,3,3,0,3072,3072,3072,3.938,1.688,286.270092,289.445,294.790379,8.52029,6.035560,286.892041,281.239721,1.020098,12.963,12.821,12.917396,667cf5c7fb11ddaa97bc224bb680c9b7,REF,-std=c11 -O3 -qopenmp-simd -xHost -DN=12288 -DTIME -DVERIFY -DALIGN -DRESTRICT -funroll-loops,mpirun -genv I_MPI_PIN=1 -genv I_MPI_DEBUG=4 -genv I_MPI_PIN_PROCESSOR_LIST=0,2,4,6,8,10,12,14 -np 4 --bind-to core /tmp/mpi_base_7NjMn0/app,706.69,2.441535,0.610384,61.04
base,12th Gen Intel(R) Core(TM) i9-12900K,/opt/intel/oneapi/mpi/2021.10.0//bin/mpiicc,icc,O3,12288,8,core,P_ONLY_PHYSICAL,0+2+4+6+8+10+12+14,1,1,3,3,0,1536,1536,1536,3.656,1.406,240.065792,240.398,240.679006,0.613214,14.359256,240.024410,226.319750,1.060554,15.458,15.436,15.418261,a3a6d34dc6fee67ee05b7a15561bf607,REF,-std=c11 -O3 -qopenmp-simd -xHost -DN=12288 -DTIME -DVERIFY -DALIGN -DRESTRICT -funroll-loops,mpirun -genv I_MPI_PIN=1 -genv I_MPI_DEBUG=4 -genv I_MPI_PIN_PROCESSOR_LIST=0,2,4,6,8,10,12,14 -np 8 --bind-to core /tmp/mpi_base_O3tyS4/app,706.69,2.939667,0.367458,36.75
base,12th Gen Intel(R) Core(TM) i9-12900K,/opt/intel/oneapi/mpi/2021.10.0//bin/mpiicc,icc,O3,12288,1,core,P_ONLY_HT,0-15,1,1,3,3,0,12288,12288,12288,5.625,3.375,676.022791,697.53,716.071656,40.0489,0.251978,675.770813,675.770813,1.000000,5.489,5.320,5.489241,a59ab6fadcb81958979e0d31fee217c5,REF,-std=c11 -O3 -qopenmp-simd -xHost -DN=12288 -DTIME -DVERIFY -DALIGN -DRESTRICT -funroll-loops,mpirun -genv I_MPI_PIN=1 -genv I_MPI_DEBUG=4 -genv I_MPI_PIN_PROCESSOR_LIST=0-15 -np 1 --bind-to core /tmp/mpi_base_ayuvLI/app,697.53,1.000000,1.000000,100.00
base,12th Gen Intel(R) Core(TM) i9-12900K,/opt/intel/oneapi/mpi/2021.10.0//bin/mpiicc,icc,O3,12288,2,core,P_ONLY_HT,0-15,1,1,3,3,0,6144,6144,6144,4.500,2.250,379.438737,386.853,390.972082,11.5333,28.292887,378.986803,351.145096,1.079288,9.780,9.592,9.779844,42afc812968ede3776bdaed41f87834f,REF,-std=c11 -O3 -qopenmp-simd -xHost -DN=12288 -DTIME -DVERIFY -DALIGN -DRESTRICT -funroll-loops,mpirun -genv I_MPI_PIN=1 -genv I_MPI_DEBUG=4 -genv I_MPI_PIN_PROCESSOR_LIST=0-15 -np 2 --bind-to core /tmp/mpi_base_POAgDy/app,697.53,1.803088,0.901544,90.15
base,12th Gen Intel(R) Core(TM) i9-12900K,/opt/intel/oneapi/mpi/2021.10.0//bin/mpiicc,icc,O3,12288,4,core,P_ONLY_HT,0-15,1,1,3,3,0,3072,3072,3072,3.938,1.688,286.082347,288.205,291.865888,5.78354,11.509662,286.258739,275.158205,1.040342,12.971,12.876,12.944763,667cf5c7fb11ddaa97bc224bb680c9b7,REF,-std=c11 -O3 -qopenmp-simd -xHost -DN=12288 -DTIME -DVERIFY -DALIGN -DRESTRICT -funroll-loops,mpirun -genv I_MPI_PIN=1 -genv I_MPI_DEBUG=4 -genv I_MPI_PIN_PROCESSOR_LIST=0-15 -np 4 --bind-to core /tmp/mpi_base_F9WCjQ/app,697.53,2.420256,0.605064,60.51
base,12th Gen Intel(R) Core(TM) i9-12900K,/opt/intel/oneapi/mpi/2021.10.0//bin/mpiicc,icc,O3,12288,8,core,P_ONLY_HT,0-15,1,1,3,3,0,1536,1536,1536,3.656,1.406,239.344778,239.678,239.962208,0.61743,6.821287,239.317333,229.395283,1.043253,15.504,15.483,15.464317,a3a6d34dc6fee67ee05b7a15561bf607,REF,-std=c11 -O3 -qopenmp-simd -xHost -DN=12288 -DTIME -DVERIFY -DALIGN -DRESTRICT -funroll-loops,mpirun -genv I_MPI_PIN=1 -genv I_MPI_DEBUG=4 -genv I_MPI_PIN_PROCESSOR_LIST=0-15 -np 8 --bind-to core /tmp/mpi_base_pAS8JR/app,697.53,2.910280,0.363785,36.38
base,12th Gen Intel(R) Core(TM) i9-12900K,/opt/intel/oneapi/mpi/2021.10.0//bin/mpiicc,icc,O3,12288,16,core,P_ONLY_HT,0-15,1,1,3,3,0,768,768,768,3.516,1.266,237.015850,241.051,245.390666,8.37482,39.300037,239.771349,193.833160,1.236999,15.657,15.394,15.413918,014d2e60ff0f7317f28e4e7fd23caba5,REF,-std=c11 -O3 -qopenmp-simd -xHost -DN=12288 -DTIME -DVERIFY -DALIGN -DRESTRICT -funroll-loops,mpirun -genv I_MPI_PIN=1 -genv I_MPI_DEBUG=4 -genv I_MPI_PIN_PROCESSOR_LIST=0-15 -np 16 --bind-to core /tmp/mpi_base_3kQb4S/app,697.53,2.893703,0.180856,18.09
base,12th Gen Intel(R) Core(TM) i9-12900K,/opt/intel/oneapi/mpi/2021.10.0//bin/mpiicc,icc,O3,12288,1,core,E_ONLY,16-23,1,1,3,3,0,12288,12288,12288,5.625,3.375,700.004999,714.573,726.546013,26.541,0.254368,699.750631,699.750631,1.000000,5.301,5.193,5.301179,a59ab6fadcb81958979e0d31fee217c5,REF,-std=c11 -O3 -qopenmp-simd -xHost -DN=12288 -DTIME -DVERIFY -DALIGN -DRESTRICT -funroll-loops,mpirun -genv I_MPI_PIN=1 -genv I_MPI_DEBUG=4 -genv I_MPI_PIN_PROCESSOR_LIST=16-23 -np 1 --bind-to core /tmp/mpi_base_9uC7r1/app,714.573,1.000000,1.000000,100.00
base,12th Gen Intel(R) Core(TM) i9-12900K,/opt/intel/oneapi/mpi/2021.10.0//bin/mpiicc,icc,O3,12288,2,core,E_ONLY,16-23,1,1,3,3,0,6144,6144,6144,4.500,2.250,379.524646,383.15,387.801244,8.2766,0.542381,381.683595,381.582481,1.000265,9.778,9.685,9.711097,42afc812968ede3776bdaed41f87834f,REF,-std=c11 -O3 -qopenmp-simd -xHost -DN=12288 -DTIME -DVERIFY -DALIGN -DRESTRICT -funroll-loops,mpirun -genv I_MPI_PIN=1 -genv I_MPI_DEBUG=4 -genv I_MPI_PIN_PROCESSOR_LIST=16-23 -np 2 --bind-to core /tmp/mpi_base_qIsh9C/app,714.573,1.864995,0.932497,93.25
base,12th Gen Intel(R) Core(TM) i9-12900K,/opt/intel/oneapi/mpi/2021.10.0//bin/mpiicc,icc,O3,12288,4,core,E_ONLY,16-23,1,1,3,3,0,3072,3072,3072,3.938,1.688,284.415629,285.856,287.442201,3.02657,10.300791,285.331180,273.436002,1.043503,13.047,12.982,12.988117,667cf5c7fb11ddaa97bc224bb680c9b7,REF,-std=c11 -O3 -qopenmp-simd -xHost -DN=12288 -DTIME -DVERIFY -DALIGN -DRESTRICT -funroll-loops,mpirun -genv I_MPI_PIN=1 -genv I_MPI_DEBUG=4 -genv I_MPI_PIN_PROCESSOR_LIST=16-23 -np 4 --bind-to core /tmp/mpi_base_UfeEzG/app,714.573,2.499766,0.624942,62.49
base,12th Gen Intel(R) Core(TM) i9-12900K,/opt/intel/oneapi/mpi/2021.10.0//bin/mpiicc,icc,O3,12288,8,core,E_ONLY,16-23,1,1,3,3,0,1536,1536,1536,3.656,1.406,239.556037,239.952,240.438156,0.882119,12.274296,239.217648,225.859220,1.059145,15.491,15.465,15.470691,a3a6d34dc6fee67ee05b7a15561bf607,REF,-std=c11 -O3 -qopenmp-simd -xHost -DN=12288 -DTIME -DVERIFY -DALIGN -DRESTRICT -funroll-loops,mpirun -genv I_MPI_PIN=1 -genv I_MPI_DEBUG=4 -genv I_MPI_PIN_PROCESSOR_LIST=16-23 -np 8 --bind-to core /tmp/mpi_base_rV9SEH/app,714.573,2.977983,0.372248,37.22
base,12th Gen Intel(R) Core(TM) i9-12900K,/opt/intel/oneapi/mpi/2021.10.0//bin/mpiicc,icc,O3,12288,1,core,P_PLUS_E_PHYSICAL,0+2+4+6+8+10+12+14+16-23,1,1,3,3,0,12288,12288,12288,5.625,3.375,675.882064,699.713,714.537715,38.6557,0.254005,675.628059,675.628059,1.000000,5.490,5.303,5.490384,a59ab6fadcb81958979e0d31fee217c5,REF,-std=c11 -O3 -qopenmp-simd -xHost -DN=12288 -DTIME -DVERIFY -DALIGN -DRESTRICT -funroll-loops,mpirun -genv I_MPI_PIN=1 -genv I_MPI_DEBUG=4 -genv I_MPI_PIN_PROCESSOR_LIST=0,2,4,6,8,10,12,14,16-23 -np 1 --bind-to core /tmp/mpi_base_3UTlPA/app,699.713,1.000000,1.000000,100.00
base,12th Gen Intel(R) Core(TM) i9-12900K,/opt/intel/oneapi/mpi/2021.10.0//bin/mpiicc,icc,O3,12288,2,core,P_PLUS_E_PHYSICAL,0+2+4+6+8+10+12+14+16-23,1,1,3,3,0,6144,6144,6144,4.500,2.250,390.109994,391.043,391.622840,1.51285,3.505296,390.949816,387.887431,1.007895,9.512,9.490,9.481146,42afc812968ede3776bdaed41f87834f,REF,-std=c11 -O3 -qopenmp-simd -xHost -DN=12288 -DTIME -DVERIFY -DALIGN -DRESTRICT -funroll-loops,mpirun -genv I_MPI_PIN=1 -genv I_MPI_DEBUG=4 -genv I_MPI_PIN_PROCESSOR_LIST=0,2,4,6,8,10,12,14,16-23 -np 2 --bind-to core /tmp/mpi_base_Xy16o4/app,699.713,1.789351,0.894675,89.47
base,12th Gen Intel(R) Core(TM) i9-12900K,/opt/intel/oneapi/mpi/2021.10.0//bin/mpiicc,icc,O3,12288,4,core,P_PLUS_E_PHYSICAL,0+2+4+6+8+10+12+14+16-23,1,1,3,3,0,3072,3072,3072,3.938,1.688,285.651775,290.469,295.431131,9.77936,7.745470,289.940973,281.008631,1.031787,12.991,12.775,12.781702,667cf5c7fb11ddaa97bc224bb680c9b7,REF,-std=c11 -O3 -qopenmp-simd -xHost -DN=12288 -DTIME -DVERIFY -DALIGN -DRESTRICT -funroll-loops,mpirun -genv I_MPI_PIN=1 -genv I_MPI_DEBUG=4 -genv I_MPI_PIN_PROCESSOR_LIST=0,2,4,6,8,10,12,14,16-23 -np 4 --bind-to core /tmp/mpi_base_GI1x3h/app,699.713,2.408908,0.602227,60.22
base,12th Gen Intel(R) Core(TM) i9-12900K,/opt/intel/oneapi/mpi/2021.10.0//bin/mpiicc,icc,O3,12288,8,core,P_PLUS_E_PHYSICAL,0+2+4+6+8+10+12+14+16-23,1,1,3,3,0,1536,1536,1536,3.656,1.406,239.981658,240.984,241.930044,1.94839,8.946771,241.277978,232.513484,1.037695,15.463,15.399,15.338532,a3a6d34dc6fee67ee05b7a15561bf607,REF,-std=c11 -O3 -qopenmp-simd -xHost -DN=12288 -DTIME -DVERIFY -DALIGN -DRESTRICT -funroll-loops,mpirun -genv I_MPI_PIN=1 -genv I_MPI_DEBUG=4 -genv I_MPI_PIN_PROCESSOR_LIST=0,2,4,6,8,10,12,14,16-23 -np 8 --bind-to core /tmp/mpi_base_c1hTvA/app,699.713,2.903566,0.362946,36.29
base,12th Gen Intel(R) Core(TM) i9-12900K,/opt/intel/oneapi/mpi/2021.10.0//bin/mpiicc,icc,O3,12288,16,core,P_PLUS_E_PHYSICAL,0+2+4+6+8+10+12+14+16-23,1,1,3,3,0,768,768,768,3.516,1.266,240.578856,240.89,241.377790,0.798934,42.626510,239.610787,196.299967,1.220636,15.425,15.405,15.424679,014d2e60ff0f7317f28e4e7fd23caba5,REF,-std=c11 -O3 -qopenmp-simd -xHost -DN=12288 -DTIME -DVERIFY -DALIGN -DRESTRICT -funroll-loops,mpirun -genv I_MPI_PIN=1 -genv I_MPI_DEBUG=4 -genv I_MPI_PIN_PROCESSOR_LIST=0,2,4,6,8,10,12,14,16-23 -np 16 --bind-to core /tmp/mpi_base_I5BbiR/app,699.713,2.904699,0.181544,18.15
base,12th Gen Intel(R) Core(TM) i9-12900K,/opt/intel/oneapi/mpi/2021.10.0//bin/mpiicc,icc,O3,12288,1,core,ALL_LOGICAL,0-23,1,1,3,3,0,12288,12288,12288,5.625,3.375,661.191200,705.713,730.137875,68.9467,0.257094,729.880780,729.880780,1.000000,5.612,5.258,5.082399,a59ab6fadcb81958979e0d31fee217c5,REF,-std=c11 -O3 -qopenmp-simd -xHost -DN=12288 -DTIME -DVERIFY -DALIGN -DRESTRICT -funroll-loops,mpirun -genv I_MPI_PIN=1 -genv I_MPI_DEBUG=4 -genv I_MPI_PIN_PROCESSOR_LIST=0-23 -np 1 --bind-to core /tmp/mpi_base_qd4yu3/app,705.713,1.000000,1.000000,100.00
base,12th Gen Intel(R) Core(TM) i9-12900K,/opt/intel/oneapi/mpi/2021.10.0//bin/mpiicc,icc,O3,12288,2,core,ALL_LOGICAL,0-23,1,1,3,3,0,6144,6144,6144,4.500,2.250,392.502581,393.567,394.356358,1.85378,2.873386,393.370035,390.968516,1.006142,9.454,9.429,9.422186,42afc812968ede3776bdaed41f87834f,REF,-std=c11 -O3 -qopenmp-simd -xHost -DN=12288 -DTIME -DVERIFY -DALIGN -DRESTRICT -funroll-loops,mpirun -genv I_MPI_PIN=1 -genv I_MPI_DEBUG=4 -genv I_MPI_PIN_PROCESSOR_LIST=0-23 -np 2 --bind-to core /tmp/mpi_base_cUK6Qu/app,705.713,1.793120,0.896560,89.66
base,12th Gen Intel(R) Core(TM) i9-12900K,/opt/intel/oneapi/mpi/2021.10.0//bin/mpiicc,icc,O3,12288,4,core,ALL_LOGICAL,0-23,1,1,3,3,0,3072,3072,3072,3.938,1.688,299.296655,301.686,303.969063,4.67241,3.867001,301.403657,296.602189,1.016188,12.399,12.300,12.296080,667cf5c7fb11ddaa97bc224bb680c9b7,REF,-std=c11 -O3 -qopenmp-simd -xHost -DN=12288 -DTIME -DVERIFY -DALIGN -DRESTRICT -funroll-loops,mpirun -genv I_MPI_PIN=1 -genv I_MPI_DEBUG=4 -genv I_MPI_PIN_PROCESSOR_LIST=0-23 -np 4 --bind-to core /tmp/mpi_base_TLalpm/app,705.713,2.339230,0.584808,58.48
base,12th Gen Intel(R) Core(TM) i9-12900K,/opt/intel/oneapi/mpi/2021.10.0//bin/mpiicc,icc,O3,12288,8,core,ALL_LOGICAL,0-23,1,1,3,3,0,1536,1536,1536,3.656,1.406,240.910814,241.62,242.315258,1.40444,9.503456,241.657166,232.572647,1.039061,15.403,15.358,15.314148,a3a6d34dc6fee67ee05b7a15561bf607,REF,-std=c11 -O3 -qopenmp-simd -xHost -DN=12288 -DTIME -DVERIFY -DALIGN -DRESTRICT -funroll-loops,mpirun -genv I_MPI_PIN=1 -genv I_MPI_DEBUG=4 -genv I_MPI_PIN_PROCESSOR_LIST=0-23 -np 8 --bind-to core /tmp/mpi_base_DKixft/app,705.713,2.920756,0.365094,36.51
base,12th Gen Intel(R) Core(TM) i9-12900K,/opt/intel/oneapi/mpi/2021.10.0//bin/mpiicc,icc,O3,12288,16,core,ALL_LOGICAL,0-23,1,1,3,3,0,768,768,768,3.516,1.266,238.363277,240.293,241.891112,3.52783,42.541801,240.919459,194.656284,1.237666,15.568,15.443,15.341001,014d2e60ff0f7317f28e4e7fd23caba5,REF,-std=c11 -O3 -qopenmp-simd -xHost -DN=12288 -DTIME -DVERIFY -DALIGN -DRESTRICT -funroll-loops,mpirun -genv I_MPI_PIN=1 -genv I_MPI_DEBUG=4 -genv I_MPI_PIN_PROCESSOR_LIST=0-23 -np 16 --bind-to core /tmp/mpi_base_EGP7qf/app,705.713,2.936885,0.183555,18.36
base,12th Gen Intel(R) Core(TM) i9-12900K,/opt/intel/oneapi/mpi/2021.10.0//bin/mpiicc,icc,O3,12288,24,core,ALL_LOGICAL,0-23,1,1,3,3,0,512,512,512,3.469,1.219,238.330771,239.015,240.366476,2.03571,19.172953,237.214777,219.991061,1.078293,15.570,15.526,15.438308,961411f42e8299f9395d7b4df2fc3221,REF,-std=c11 -O3 -qopenmp-simd -xHost -DN=12288 -DTIME -DVERIFY -DALIGN -DRESTRICT -funroll-loops,mpirun -genv I_MPI_PIN=1 -genv I_MPI_DEBUG=4 -genv I_MPI_PIN_PROCESSOR_LIST=0-23 -np 24 --bind-to core /tmp/mpi_base_ugtuXW/app,705.713,2.952589,0.123025,12.30
base,12th Gen Intel(R) Core(TM) i9-12900K,/opt/intel/oneapi/mpi/2021.10.0//bin/mpiicc,icc,O3,15000,1,core,P_ONLY_PHYSICAL,0+2+4+6+8+10+12+14,1,1,3,3,0,15000,15000,15000,8.382,5.029,1268.498292,1299.06,1324.426510,55.9282,0.378635,1268.119657,1268.119657,1.000000,5.321,5.196,5.321253,8585e38c5f46eae9f1ab08794c63e81b,REF,-std=c11 -O3 -qopenmp-simd -xHost -DN=15000 -DTIME -DVERIFY -DALIGN -DRESTRICT -funroll-loops,mpirun -genv I_MPI_PIN=1 -genv I_MPI_DEBUG=4 -genv I_MPI_PIN_PROCESSOR_LIST=0,2,4,6,8,10,12,14 -np 1 --bind-to core /tmp/mpi_base_w1t1sE/app,1299.06,1.000000,1.000000,100.00
base,12th Gen Intel(R) Core(TM) i9-12900K,/opt/intel/oneapi/mpi/2021.10.0//bin/mpiicc,icc,O3,15000,2,core,P_ONLY_PHYSICAL,0+2+4+6+8+10+12+14,1,1,3,3,0,7500,7500,7500,6.706,3.353,716.964401,718.053,720.211809,3.24741,2.007903,719.556332,718.201838,1.001886,9.415,9.400,9.372243,4aebb523ee057986204ffe999589c36a,REF,-std=c11 -O3 -qopenmp-simd -xHost -DN=15000 -DTIME -DVERIFY -DALIGN -DRESTRICT -funroll-loops,mpirun -genv I_MPI_PIN=1 -genv I_MPI_DEBUG=4 -genv I_MPI_PIN_PROCESSOR_LIST=0,2,4,6,8,10,12,14 -np 2 --bind-to core /tmp/mpi_base_chXVPI/app,1299.06,1.809142,0.904571,90.46
base,12th Gen Intel(R) Core(TM) i9-12900K,/opt/intel/oneapi/mpi/2021.10.0//bin/mpiicc,icc,O3,15000,4,core,P_ONLY_PHYSICAL,0+2+4+6+8+10+12+14,1,1,3,3,0,3750,3750,3750,5.867,2.515,522.705914,536.843,552.598439,29.8925,6.406887,552.031489,541.984464,1.018537,12.914,12.574,12.215018,7f93b50c5438cda92ee11695f3a166ff,REF,-std=c11 -O3 -qopenmp-simd -xHost -DN=15000 -DTIME -DVERIFY -DALIGN -DRESTRICT -funroll-loops,mpirun -genv I_MPI_PIN=1 -genv I_MPI_DEBUG=4 -genv I_MPI_PIN_PROCESSOR_LIST=0,2,4,6,8,10,12,14 -np 4 --bind-to core /tmp/mpi_base_RLVlZE/app,1299.06,2.419814,0.604954,60.50
base,12th Gen Intel(R) Core(TM) i9-12900K,/opt/intel/oneapi/mpi/2021.10.0//bin/mpiicc,icc,O3,15000,8,core,P_ONLY_PHYSICAL,0+2+4+6+8+10+12+14,1,1,3,3,0,1875,1875,1875,5.448,2.095,438.982224,440.31,441.689838,2.70761,8.596001,439.288013,431.561788,1.017903,15.376,15.330,15.331807,a6e18a59ce339ed0cd675b4b75721828,REF,-std=c11 -O3 -qopenmp-simd -xHost -DN=15000 -DTIME -DVERIFY -DALIGN -DRESTRICT -funroll-loops,mpirun -genv I_MPI_PIN=1 -genv I_MPI_DEBUG=4 -genv I_MPI_PIN_PROCESSOR_LIST=0,2,4,6,8,10,12,14 -np 8 --bind-to core /tmp/mpi_base_1Pp4Dy/app,1299.06,2.950330,0.368791,36.88
base,12th Gen Intel(R) Core(TM) i9-12900K,/opt/intel/oneapi/mpi/2021.10.0//bin/mpiicc,icc,O3,15000,1,core,P_ONLY_HT,0-15,1,1,3,3,0,15000,15000,15000,8.382,5.029,1285.572577,1302.89,1330.963020,45.3904,0.381534,1330.581487,1330.581487,1.000000,5.251,5.181,5.071516,8585e38c5f46eae9f1ab08794c63e81b,REF,-std=c11 -O3 -qopenmp-simd -xHost -DN=15000 -DTIME -DVERIFY -DALIGN -DRESTRICT -funroll-loops,mpirun -genv I_MPI_PIN=1 -genv I_MPI_DEBUG=4 -genv I_MPI_PIN_PROCESSOR_LIST=0-15 -np 1 --bind-to core /tmp/mpi_base_FEj1Vu/app,1302.89,1.000000,1.000000,100.00
base,12th Gen Intel(R) Core(TM) i9-12900K,/opt/intel/oneapi/mpi/2021.10.0//bin/mpiicc,icc,O3,15000,2,core,P_ONLY_HT,0-15,1,1,3,3,0,7500,7500,7500,6.706,3.353,680.088621,698.093,710.424465,30.3358,4.454762,709.776524,705.969702,1.005392,9.925,9.669,9.501362,4aebb523ee057986204ffe999589c36a,REF,-std=c11 -O3 -qopenmp-simd -xHost -DN=15000 -DTIME -DVERIFY -DALIGN -DRESTRICT -funroll-loops,mpirun -genv I_MPI_PIN=1 -genv I_MPI_DEBUG=4 -genv I_MPI_PIN_PROCESSOR_LIST=0-15 -np 2 --bind-to core /tmp/mpi_base_mJutww/app,1302.89,1.866356,0.933178,93.32
base,12th Gen Intel(R) Core(TM) i9-12900K,/opt/intel/oneapi/mpi/2021.10.0//bin/mpiicc,icc,O3,15000,4,core,P_ONLY_HT,0-15,1,1,3,3,0,3750,3750,3750,5.867,2.515,540.849316,551.153,558.189019,17.3397,13.676390,540.279362,527.172503,1.024863,12.480,12.247,12.480371,7f93b50c5438cda92ee11695f3a166ff,REF,-std=c11 -O3 -qopenmp-simd -xHost -DN=15000 -DTIME -DVERIFY -DALIGN -DRESTRICT -funroll-loops,mpirun -genv I_MPI_PIN=1 -genv I_MPI_DEBUG=4 -genv I_MPI_PIN_PROCESSOR_LIST=0-15 -np 4 --bind-to core /tmp/mpi_base_cuFZ8M/app,1302.89,2.363935,0.590984,59.10
base,12th Gen Intel(R) Core(TM) i9-12900K,/opt/intel/oneapi/mpi/2021.10.0//bin/mpiicc,icc,O3,15000,8,core,P_ONLY_HT,0-15,1,1,3,3,0,1875,1875,1875,5.448,2.095,438.970887,440.583,442.893349,3.92246,11.910918,437.976846,427.059436,1.025564,15.377,15.321,15.376874,a6e18a59ce339ed0cd675b4b75721828,REF,-std=c11 -O3 -qopenmp-simd -xHost -DN=15000 -DTIME -DVERIFY -DALIGN -DRESTRICT -funroll-loops,mpirun -genv I_MPI_PIN=1 -genv I_MPI_DEBUG=4 -genv I_MPI_PIN_PROCESSOR_LIST=0-15 -np 8 --bind-to core /tmp/mpi_base_61hMZ6/app,1302.89,2.957195,0.369649,36.96
base,12th Gen Intel(R) Core(TM) i9-12900K,/opt/intel/oneapi/mpi/2021.10.0//bin/mpiicc,icc,O3,15000,16,core,P_ONLY_HT,0-15,1,1,3,3,0,937,938,938,5.239,1.886,431.124297,433.73,438.380662,7.25636,63.272803,429.655591,359.420293,1.195413,15.657,15.563,15.656738,360d7e0cf0ee9171c60d99ae7776c73e,REF,-std=c11 -O3 -qopenmp-simd -xHost -DN=15000 -DTIME -DVERIFY -DALIGN -DRESTRICT -funroll-loops,mpirun -genv I_MPI_PIN=1 -genv I_MPI_DEBUG=4 -genv I_MPI_PIN_PROCESSOR_LIST=0-15 -np 16 --bind-to core /tmp/mpi_base_sHOAjH/app,1302.89,3.003919,0.187745,18.77
base,12th Gen Intel(R) Core(TM) i9-12900K,/opt/intel/oneapi/mpi/2021.10.0//bin/mpiicc,icc,O3,15000,1,core,E_ONLY,16-23,1,1,3,3,0,15000,15000,15000,8.382,5.029,1203.184084,1255.49,1290.598269,87.4142,0.374236,1202.809848,1202.809848,1.000000,5.610,5.376,5.610114,8585e38c5f46eae9f1ab08794c63e81b,REF,-std=c11 -O3 -qopenmp-simd -xHost -DN=15000 -DTIME -DVERIFY -DALIGN -DRESTRICT -funroll-loops,mpirun -genv I_MPI_PIN=1 -genv I_MPI_DEBUG=4 -genv I_MPI_PIN_PROCESSOR_LIST=16-23 -np 1 --bind-to core /tmp/mpi_base_OxGUAD/app,1255.49,1.000000,1.000000,100.00
base,12th Gen Intel(R) Core(TM) i9-12900K,/opt/intel/oneapi/mpi/2021.10.0//bin/mpiicc,icc,O3,15000,2,core,E_ONLY,16-23,1,1,3,3,0,7500,7500,7500,6.706,3.353,700.671887,702.763,706.707076,6.03519,13.817230,699.994567,686.854657,1.019131,9.634,9.605,9.633610,4aebb523ee057986204ffe999589c36a,REF,-std=c11 -O3 -qopenmp-simd -xHost -DN=15000 -DTIME -DVERIFY -DALIGN -DRESTRICT -funroll-loops,mpirun -genv I_MPI_PIN=1 -genv I_MPI_DEBUG=4 -genv I_MPI_PIN_PROCESSOR_LIST=16-23 -np 2 --bind-to core /tmp/mpi_base_aJhe7m/app,1255.49,1.786506,0.893253,89.33
base,12th Gen Intel(R) Core(TM) i9-12900K,/opt/intel/oneapi/mpi/2021.10.0//bin/mpiicc,icc,O3,15000,4,core,E_ONLY,16-23,1,1,3,3,0,3750,3750,3750,5.867,2.515,520.684933,532.883,553.747850,33.0629,22.170932,523.646318,502.045471,1.043026,12.964,12.667,12.876362,7f93b50c5438cda92ee11695f3a166ff,REF,-std=c11 -O3 -qopenmp-simd -xHost -DN=15000 -DTIME -DVERIFY -DALIGN -DRESTRICT -funroll-loops,mpirun -genv I_MPI_PIN=1 -genv I_MPI_DEBUG=4 -genv I_MPI_PIN_PROCESSOR_LIST=16-23 -np 4 --bind-to core /tmp/mpi_base_Jw5tet/app,1255.49,2.356033,0.589008,58.90
base,12th Gen Intel(R) Core(TM) i9-12900K,/opt/intel/oneapi/mpi/2021.10.0//bin/mpiicc,icc,O3,15000,8,core,E_ONLY,16-23,1,1,3,3,0,1875,1875,1875,5.448,2.095,435.939131,436.44,437.294254,1.35512,27.807841,434.957300,408.130879,1.065730,15.484,15.466,15.483813,a6e18a59ce339ed0cd675b4b75721828,REF,-std=c11 -O3 -qopenmp-simd -xHost -DN=15000 -DTIME -DVERIFY -DALIGN -DRESTRICT -funroll-loops,mpirun -genv I_MPI_PIN=1 -genv I_MPI_DEBUG=4 -genv I_MPI_PIN_PROCESSOR_LIST=16-23 -np 8 --bind-to core /tmp/mpi_base_Zu9MbC/app,1255.49,2.876661,0.359583,35.96
base,12th Gen Intel(R) Core(TM) i9-12900K,/opt/intel/oneapi/mpi/2021.10.0//bin/mpiicc,icc,O3,15000,1,core,P_PLUS_E_PHYSICAL,0+2+4+6+8+10+12+14+16-23,1,1,3,3,0,15000,15000,15000,8.382,5.029,1255.657276,1262.82,1274.889591,19.2323,0.375911,1255.281364,1255.281364,1.000000,5.376,5.345,5.375671,8585e38c5f46eae9f1ab08794c63e81b,REF,-std=c11 -O3 -qopenmp-simd -xHost -DN=15000 -DTIME -DVERIFY -DALIGN -DRESTRICT -funroll-loops,mpirun -genv I_MPI_PIN=1 -genv I_MPI_DEBUG=4 -genv I_MPI_PIN_PROCESSOR_LIST=0,2,4,6,8,10,12,14,16-23 -np 1 --bind-to core /tmp/mpi_base_0WqwlY/app,1262.82,1.000000,1.000000,100.00
base,12th Gen Intel(R) Core(TM) i9-12900K,/opt/intel/oneapi/mpi/2021.10.0//bin/mpiicc,icc,O3,15000,2,core,P_PLUS_E_PHYSICAL,0+2+4+6+8+10+12+14+16-23,1,1,3,3,0,7500,7500,7500,6.706,3.353,697.893210,699.847,701.531075,3.63787,15.167947,700.832494,686.359427,1.021087,9.672,9.645,9.621812,4aebb523ee057986204ffe999589c36a,REF,-std=c11 -O3 -qopenmp-simd -xHost -DN=15000 -DTIME -DVERIFY -DALIGN -DRESTRICT -funroll-loops,mpirun -genv I_MPI_PIN=1 -genv I_MPI_DEBUG=4 -genv I_MPI_PIN_PROCESSOR_LIST=0,2,4,6,8,10,12,14,16-23 -np 2 --bind-to core /tmp/mpi_base_vQBbNU/app,1262.82,1.804423,0.902212,90.22
base,12th Gen Intel(R) Core(TM) i9-12900K,/opt/intel/oneapi/mpi/2021.10.0//bin/mpiicc,icc,O3,15000,4,core,P_PLUS_E_PHYSICAL,0+2+4+6+8+10+12+14+16-23,1,1,3,3,0,3750,3750,3750,5.867,2.515,537.997087,541.773,544.069148,6.07206,6.602494,537.429966,531.392652,1.011361,12.547,12.459,12.546536,7f93b50c5438cda92ee11695f3a166ff,REF,-std=c11 -O3 -qopenmp-simd -xHost -DN=15000 -DTIME -DVERIFY -DALIGN -DRESTRICT -funroll-loops,mpirun -genv I_MPI_PIN=1 -genv I_MPI_DEBUG=4 -genv I_MPI_PIN_PROCESSOR_LIST=0,2,4,6,8,10,12,14,16-23 -np 4 --bind-to core /tmp/mpi_base_01cIS4/app,1262.82,2.330902,0.582726,58.27
base,12th Gen Intel(R) Core(TM) i9-12900K,/opt/intel/oneapi/mpi/2021.10.0//bin/mpiicc,icc,O3,15000,8,core,P_PLUS_E_PHYSICAL,0+2+4+6+8+10+12+14+16-23,1,1,3,3,0,1875,1875,1875,5.448,2.095,436.869421,437.293,437.982540,1.11312,11.939883,436.047761,418.396806,1.042187,15.451,15.436,15.445085,a6e18a59ce339ed0cd675b4b75721828,REF,-std=c11 -O3 -qopenmp-simd -xHost -DN=15000 -DTIME -DVERIFY -DALIGN -DRESTRICT -funroll-loops,mpirun -genv I_MPI_PIN=1 -genv I_MPI_DEBUG=4 -genv I_MPI_PIN_PROCESSOR_LIST=0,2,4,6,8,10,12,14,16-23 -np 8 --bind-to core /tmp/mpi_base_ysuIGV/app,1262.82,2.887812,0.360976,36.10
base,12th Gen Intel(R) Core(TM) i9-12900K,/opt/intel/oneapi/mpi/2021.10.0//bin/mpiicc,icc,O3,15000,16,core,P_PLUS_E_PHYSICAL,0+2+4+6+8+10+12+14+16-23,1,1,3,3,0,937,938,938,5.239,1.886,433.821732,437.393,441.464728,7.643,51.698706,439.975070,365.392283,1.204117,15.559,15.432,15.290010,360d7e0cf0ee9171c60d99ae7776c73e,REF,-std=c11 -O3 -qopenmp-simd -xHost -DN=15000 -DTIME -DVERIFY -DALIGN -DRESTRICT -funroll-loops,mpirun -genv I_MPI_PIN=1 -genv I_MPI_DEBUG=4 -genv I_MPI_PIN_PROCESSOR_LIST=0,2,4,6,8,10,12,14,16-23 -np 16 --bind-to core /tmp/mpi_base_0UF7ZI/app,1262.82,2.887152,0.180447,18.04
base,12th Gen Intel(R) Core(TM) i9-12900K,/opt/intel/oneapi/mpi/2021.10.0//bin/mpiicc,icc,O3,15000,1,core,ALL_LOGICAL,0-23,1,1,3,3,0,15000,15000,15000,8.382,5.029,1177.144162,1225.26,1288.784015,111.64,0.373313,1209.491903,1209.491903,1.000000,5.734,5.509,5.579134,8585e38c5f46eae9f1ab08794c63e81b,REF,-std=c11 -O3 -qopenmp-simd -xHost -DN=15000 -DTIME -DVERIFY -DALIGN -DRESTRICT -funroll-loops,mpirun -genv I_MPI_PIN=1 -genv I_MPI_DEBUG=4 -genv I_MPI_PIN_PROCESSOR_LIST=0-23 -np 1 --bind-to core /tmp/mpi_base_caVzk6/app,1225.26,1.000000,1.000000,100.00
base,12th Gen Intel(R) Core(TM) i9-12900K,/opt/intel/oneapi/mpi/2021.10.0//bin/mpiicc,icc,O3,15000,2,core,ALL_LOGICAL,0-23,1,1,3,3,0,7500,7500,7500,6.706,3.353,676.940270,694.14,712.105116,35.1648,14.430284,676.295238,662.509985,1.020808,9.971,9.724,9.971338,4aebb523ee057986204ffe999589c36a,REF,-std=c11 -O3 -qopenmp-simd -xHost -DN=15000 -DTIME -DVERIFY -DALIGN -DRESTRICT -funroll-loops,mpirun -genv I_MPI_PIN=1 -genv I_MPI_DEBUG=4 -genv I_MPI_PIN_PROCESSOR_LIST=0-23 -np 2 --bind-to core /tmp/mpi_base_TUiHjS/app,1225.26,1.765148,0.882574,88.26
base,12th Gen Intel(R) Core(TM) i9-12900K,/opt/intel/oneapi/mpi/2021.10.0//bin/mpiicc,icc,O3,15000,4,core,ALL_LOGICAL,0-23,1,1,3,3,0,3750,3750,3750,5.867,2.515,530.992528,535.39,539.387161,8.39463,10.334376,535.193013,525.454833,1.018533,12.712,12.608,12.598234,7f93b50c5438cda92ee11695f3a166ff,REF,-std=c11 -O3 -qopenmp-simd -xHost -DN=15000 -DTIME -DVERIFY -DALIGN -DRESTRICT -funroll-loops,mpirun -genv I_MPI_PIN=1 -genv I_MPI_DEBUG=4 -genv I_MPI_PIN_PROCESSOR_LIST=0-23 -np 4 --bind-to core /tmp/mpi_base_ewjAvC/app,1225.26,2.288537,0.572134,57.21
base,12th Gen Intel(R) Core(TM) i9-12900K,/opt/intel/oneapi/mpi/2021.10.0//bin/mpiicc,icc,O3,15000,8,core,ALL_LOGICAL,0-23,1,1,3,3,0,1875,1875,1875,5.448,2.095,435.855032,436.75,437.587753,1.73272,11.018139,434.880325,419.696320,1.036179,15.487,15.455,15.486801,a6e18a59ce339ed0cd675b4b75721828,REF,-std=c11 -O3 -qopenmp-simd -xHost -DN=15000 -DTIME -DVERIFY -DALIGN -DRESTRICT -funroll-loops,mpirun -genv I_MPI_PIN=1 -genv I_MPI_DEBUG=4 -genv I_MPI_PIN_PROCESSOR_LIST=0-23 -np 8 --bind-to core /tmp/mpi_base_YNK996/app,1225.26,2.805404,0.350675,35.07
base,12th Gen Intel(R) Core(TM) i9-12900K,/opt/intel/oneapi/mpi/2021.10.0//bin/mpiicc,icc,O3,15000,16,core,ALL_LOGICAL,0-23,1,1,3,3,0,937,938,938,5.239,1.886,433.235108,435.26,438.815810,5.5807,67.593805,432.190290,361.294758,1.196226,15.580,15.508,15.562547,360d7e0cf0ee9171c60d99ae7776c73e,REF,-std=c11 -O3 -qopenmp-simd -xHost -DN=15000 -DTIME -DVERIFY -DALIGN -DRESTRICT -funroll-loops,mpirun -genv I_MPI_PIN=1 -genv I_MPI_DEBUG=4 -genv I_MPI_PIN_PROCESSOR_LIST=0-23 -np 16 --bind-to core /tmp/mpi_base_fqOJQl/app,1225.26,2.815007,0.175938,17.59
base,12th Gen Intel(R) Core(TM) i9-12900K,/opt/intel/oneapi/mpi/2021.10.0//bin/mpiicc,icc,O3,15000,24,core,ALL_LOGICAL,0-23,1,1,3,3,0,625,625,625,5.169,1.816,434.692240,438.63,446.218692,11.5265,21.093546,430.694310,412.211365,1.044839,15.528,15.389,15.528228,2f3c3d3eb8b598f7b53029ca8e68c885,REF,-std=c11 -O3 -qopenmp-simd -xHost -DN=15000 -DTIME -DVERIFY -DALIGN -DRESTRICT -funroll-loops,mpirun -genv I_MPI_PIN=1 -genv I_MPI_DEBUG=4 -genv I_MPI_PIN_PROCESSOR_LIST=0-23 -np 24 --bind-to core /tmp/mpi_base_5vxTkR/app,1225.26,2.793379,0.116391,11.64
